index	tag	embedX	embedY	counts
0	atmosphere	-0.520948	-0.402570	1256
1	exterior	-0.097657	0.194096	1054
2	interior	-0.125105	0.395926	1003
3	footsteps	-0.509166	-0.272320	855
4	aircraft	0.496001	-0.891468	791
5	effects	-0.571487	0.055507	757
6	crowds	-0.466735	0.484942	709
7	sound	-0.668162	-0.337991	702
8	world	0.715808	0.787803	600
9	horses	0.759196	-0.381951	486
10	bells	-0.470152	-0.143352	468
11	door	-0.239250	0.084697	412
12	cars	0.330842	-0.308096	400
13	people	-0.192285	0.700390	398
14	comedy	-0.830091	-0.503744	394
15	water	0.238588	-0.562358	361
16	woman	-0.035657	0.813951	358
17	animals	0.897039	-0.319333	341
18	engine	0.209551	-0.374670	331
19	machine	0.155544	0.005418	331
20	london	0.808573	0.486265	330
21	motor	0.281000	-0.312069	325
22	birds	0.896174	-0.457365	324
23	train	0.076127	0.003017	301
24	traffic	0.048074	-0.167076	299
25	crash	-0.638622	-0.396506	289
26	general	-0.384849	0.669609	287
27	applause	-0.805244	-0.271295	277
28	clock	-0.832883	0.169194	276
29	distant	-0.816872	0.241991	271
30	background	-0.256794	0.424410	270
31	city	0.545396	0.596538	270
32	single	-0.417192	0.593685	257
33	industry	-0.101213	0.518450	253
34	sports	0.116975	0.465818	253
35	children	-0.145516	0.982306	236
36	speech	-0.782941	-0.042149	236
37	hall	-0.061053	0.267012	231
38	small	-0.650872	0.494275	231
39	stairs	-0.278450	-0.096268	228
40	chatter	-0.799230	-0.163748	225
41	telephones	-0.354422	0.885747	223
42	heavy	-0.594397	0.051549	222
43	o'clock	-0.884468	0.110515	221
44	tape	-0.235927	-0.295867	213
45	walking	-0.282691	0.012624	213
46	church	0.338467	0.664013	212
47	perspective	-0.407703	0.225914	212
48	boats	0.507667	-0.656979	208
49	electronic	-0.036685	0.388999	208
50	news	-0.575883	0.174863	208
51	household	0.173222	0.365104	196
52	running	-0.415456	-0.159598	195
53	large	-0.726527	0.423033	194
54	light	0.063155	-0.278425	194
55	stone	0.198514	-0.268499	192
56	model	-0.109402	0.525839	189
57	constant	-0.668814	0.359188	186
58	spot	-0.190661	0.121640	186
59	station	0.083571	0.124835	180
60	wooden	0.500632	0.032161	179
61	metal	0.266316	0.106439	178
62	tram	0.094441	-0.246264	178
63	gates	-0.172437	-0.212008	176
64	taxi	0.117693	-0.073166	175
65	noise	-0.716485	-0.480862	174
66	british	0.707835	0.730151	172
67	road	0.009994	-0.032688	171
68	piston	0.176389	-0.359919	170
69	barcelona	0.490698	0.669413	165
70	occasional	-0.848089	0.136940	165
71	fire	-0.049338	-0.944623	159
72	fighter	0.211233	-0.989297	154
73	male	-0.023662	0.796254	153
74	open	-0.317203	0.344935	153
75	voices	-0.720649	-0.237822	147
76	wood	0.619266	-0.058997	147
77	dogs	0.965448	-0.276949	144
78	helicopters	0.214813	-0.476869	143
79	electric	-0.071374	-0.257304	138
80	weather	0.325854	-0.560497	138
81	outdoor	0.353181	-0.141992	137
82	airliner	0.461994	-0.957994	135
83	wind	0.218936	-0.642167	131
84	slow	-0.770301	0.044404	128
85	diesel	0.218672	-0.337975	127
86	siren	-0.629229	-0.458820	127
87	shops	0.036417	0.421263	124
88	school	-0.204121	0.795246	123
89	office	-0.091116	0.330489	121
90	mixed	-0.553221	0.217726	118
91	german	0.654531	0.776341	117
92	quiet	-0.838379	-0.282536	116
93	street	0.166726	0.318897	116
94	tone	-0.630531	-0.408613	116
95	domestic	0.204922	0.584069	114
96	times	-0.921317	0.330195	114
97	studio	-0.104711	0.346837	111
98	flight	0.437599	-0.896629	110
99	fast	-0.702836	0.113404	109
100	glass	0.202987	-0.062178	109
101	birdsong	0.743470	-0.432769	108
102	caving	-0.007097	-0.628967	108
103	football	0.103870	0.368328	106
104	indoor	-0.023540	0.415292	106
105	busy	-0.719767	0.129375	104
106	house	0.124261	0.354857	104
107	racing	-0.234641	-0.139424	104
108	indistinct	-0.600136	0.058725	103
109	room	-0.009029	0.272094	103
110	steam	0.174845	-0.177219	103
111	tank	0.381749	-0.421447	103
112	actuality	-0.596925	0.478182	101
113	surface	-0.081345	0.047071	101
114	land	0.640596	0.172655	100
115	country	0.737880	0.735287	99
116	bomber	0.146105	-0.975591	98
117	gunfire	0.075736	-0.910813	98
118	level	-0.486512	0.177130	98
119	female	-0.026668	0.817878	97
120	horn	-0.367775	-0.568734	97
121	bristol	0.932524	0.393707	96
122	natural	-0.501616	0.532849	96
123	ships	0.633801	-0.690029	96
124	theatres	-0.207742	0.359060	95
125	baby	-0.064771	0.891602	94
126	port	0.534395	-0.117401	93
127	battle	0.186472	-0.997543	92
128	cats	0.895990	-0.351983	92
129	race	-0.262819	-0.150375	92
130	caves	0.002457	-0.546646	90
131	english	0.611610	0.774358	90
132	college	-0.127746	0.759866	89
133	market	-0.045444	0.383289	89
134	medium	-0.728138	0.408326	89
135	petrol	0.158818	-0.221555	89
136	generated	-0.342790	0.317777	88
137	girls	-0.119109	0.922266	88
138	cheers	-0.951048	-0.185177	87
139	futuristic	-0.392751	0.641050	87
140	music	-0.610474	-0.234464	87
141	rain	0.263894	-0.603789	87
142	tickover	-0.181294	-0.359814	87
143	ford	0.464061	-0.297870	86
144	horror	-0.780356	-0.443386	86
145	pavement	0.034673	-0.122650	86
146	start	-0.400522	0.375271	86
147	thunder	0.298459	-0.574488	86
148	america	0.656467	0.876502	85
149	match	-0.326997	0.320876	85
150	note	-0.328997	0.308598	85
151	fantasy	-0.295510	-0.352253	84
152	explosion	0.024161	-0.976269	83
153	rotterdam	0.723991	0.534429	83
154	acoustic	-0.572614	-0.377862	82
155	guns	0.207194	-0.877495	82
156	turf	0.285052	-0.010856	82
157	factory	-0.064772	0.379655	81
158	over	-0.540550	0.002677	81
159	recording	-0.363227	0.159379	81
160	rural	0.577553	0.402374	80
161	gravel	0.194938	-0.338826	78
162	laughter	-0.863357	-0.472093	78
163	phones	-0.320925	0.958896	78
164	trees	0.693179	-0.024511	78
165	down	-0.588854	-0.071048	77
166	hard	-0.735350	-0.094520	77
167	night	-1.000000	0.298070	77
168	oxford	0.862217	0.366396	77
169	with	-0.429469	0.495348	77
170	demolition	-0.315872	-0.571099	75
171	equipment	0.057712	0.040086	75
172	kittens	0.929256	-0.263319	75
173	distance	-0.759018	0.367457	74
174	ground	-0.124869	0.062337	74
175	transport	0.091411	-0.175466	74
176	concert	-0.419999	0.342723	73
177	receiver	-0.319410	0.154526	73
178	short	-0.728648	0.324020	73
179	south	0.489115	0.673593	73
180	railway	0.129913	-0.090986	72
181	army	0.355646	-0.861760	71
182	more	-0.688195	0.604619	71
183	past	-0.501275	0.494546	71
184	pool	0.087327	-0.573784	71
185	disc	0.161917	-0.028209	70
186	high	-0.573932	0.149708	70
187	machinery	0.227400	-0.136759	69
188	post	-0.451726	0.190553	69
189	reaction	-0.540153	-0.107337	69
190	week	-0.825235	0.330006	68
191	creaks	-0.607631	-0.632908	67
192	echo	-0.426414	-0.344812	67
193	group	-0.298842	0.671672	67
194	alarm	-0.722997	0.116711	66
195	cathedral	0.190570	0.505852	66
196	computer	-0.058748	0.283132	66
197	speed	-0.528347	-0.107621	66
198	chimes	0.413137	-0.252819	65
199	year	-0.516085	0.573761	65
200	cafe	0.319285	0.257876	64
201	harness	0.018698	-0.523412	64
202	istanbul	0.672540	0.618662	64
203	orders	-0.099824	0.263019	64
204	public	-0.315694	0.608727	64
205	raids	0.102680	-0.864301	64
206	royal	0.234453	0.908067	64
207	urban	0.458061	0.551804	64
208	swimming	0.115543	-0.655048	63
209	zealand	0.832119	0.557141	63
210	electrical	-0.178692	-0.330563	62
211	hand	-0.148974	-0.243553	62
212	window	-0.013101	0.057156	62
213	flying	0.405074	-0.827980	61
214	park	0.145660	0.221587	61
215	slight	-0.791388	0.196991	61
216	space	0.171798	-0.046524	61
217	long	-0.780510	0.337117	60
218	power	-0.201160	-0.342563	60
219	rings	-0.152770	-0.054785	60
220	village	0.529855	0.419569	60
221	cash	-0.007049	0.276313	59
222	jingle	-0.561179	-0.391386	59
223	period	-0.708968	0.311778	59
224	audience	-0.436856	0.446190	58
225	squeaks	-0.624978	-0.701808	58
226	field-recording	-0.259265	0.139695	57
227	registers	-0.292316	0.329483	57
228	dial	-0.333413	0.666916	56
229	drill	-0.045358	-0.420485	56
230	farm	0.613002	0.112928	56
231	gallop	0.383124	-0.594397	56
232	holing	0.409842	-0.420209	56
233	signal	-0.395531	-0.094441	56
234	track	-0.236932	-0.123009	56
235	class	-0.211272	0.663714	55
236	distinct	-0.652553	0.617170	55
237	game	-0.179884	0.061187	55
238	hospitals	-0.078487	0.575220	55
239	livestock	0.839183	-0.177807	55
240	manufacture	-0.118478	0.355048	55
241	pieces	-0.136249	0.235868	55
242	type	-0.326126	0.376222	55
243	boys	-0.032052	0.953378	54
244	feet	-0.109839	-0.145420	54
245	national	0.512737	0.757292	54
246	outside	0.361558	0.057774	54
247	restaurant	0.311712	0.270549	54
248	seawash	-0.172401	-0.594186	54
249	africa	0.844281	0.802644	53
250	double	-0.595691	0.633901	53
251	france	0.673846	0.700677	53
252	river	0.374357	-0.474512	53
253	twin	-0.642303	0.708005	53
254	cricket	0.076404	0.378555	52
255	foreign	0.557590	0.873023	52
256	movement	-0.393750	-0.120874	52
257	potholing	0.231296	-0.209015	52
258	region	0.357159	0.638406	52
259	building	-0.116172	0.335541	51
260	garden	0.451061	0.128131	51
261	near	-0.299249	0.525138	51
262	close	-0.626091	-0.116315	50
263	rifle	0.210200	-0.830249	50
264	shots	-0.227684	-0.452717	50
265	storms	0.283948	-0.694267	50
266	dead	-0.614905	-0.089194	49
267	early	-0.763372	0.383235	49
268	ferry	0.508060	-0.262184	49
269	town	0.515642	0.536807	49
270	trot	0.121516	-0.562184	49
271	canter	-0.261487	-0.884523	48
272	century	-0.531906	0.672471	48
273	elsodelescultures	-0.071125	-0.539504	48
274	manual	-0.117251	0.122744	48
275	activity	-0.408181	0.032855	47
276	automatic	0.149593	-0.082908	47
277	french	0.642295	0.854637	47
278	gong	-0.256040	-0.401882	47
279	individual	-0.235188	0.707808	47
280	seater	0.065386	0.051532	47
281	submarine	0.251964	-0.672641	47
282	technical	-0.177006	0.560497	47
283	vehicles	0.330242	-0.311762	47
284	wrestling	-0.010186	-0.823084	47
285	china	0.796780	0.814850	46
286	continuous	-0.662688	0.119744	46
287	playing	-0.272241	0.000566	46
288	rough	-0.772057	-0.133904	46
289	rugby	0.159912	0.447670	46
290	engined	0.335881	-0.376051	45
291	main	-0.346694	0.613038	45
292	newspaper	-0.235837	0.284872	45
293	passing	-0.364703	-0.027985	45
294	plane	0.498457	-0.922262	45
295	radio	-0.492227	-0.121974	45
296	ticket	-0.064415	0.113023	45
297	yard	0.421582	0.030367	45
298	announcement	-0.515397	0.242309	44
299	comic	-0.745950	-0.417633	44
300	skyline	-0.209277	0.095113	44
301	toys	0.141745	0.194508	44
302	board	0.398728	-0.740444	43
303	countryside	0.656160	0.462837	43
304	digits	-0.633465	0.575681	43
305	meeting	-0.363856	0.551446	42
306	morning	-0.920132	0.255786	42
307	rounds	-0.270741	-0.318309	42
308	siddeley	0.549363	-0.378667	42
309	song	-0.614822	-0.217453	42
310	hunt	-0.079239	-0.648891	41
311	pigeons	0.861049	-0.475957	41
312	pitch	0.027737	0.203999	41
313	avro	0.456247	0.323328	40
314	carrier	0.009980	-0.037426	40
315	claps	-0.687514	-0.425969	40
316	events	-0.475363	0.439920	40
317	leisure	-0.216611	-0.203756	40
318	line	-0.048880	0.025767	40
319	party	-0.557938	0.443702	40
320	printing	-0.108859	0.235238	40
321	warble	-0.529562	-0.517164	40
322	winter	0.392506	0.235831	40
323	amsterdam	0.734475	0.551418	39
324	austin	0.611708	0.543244	39
325	mechanism	-0.112864	-0.052969	39
326	sheep	0.781899	-0.222982	39
327	american	0.623643	0.899939	38
328	bits	0.016718	0.073464	38
329	carriage	0.216478	-0.349725	38
330	coach	-0.031015	0.400951	38
331	cycle	0.036730	-0.297535	38
332	floor	-0.022367	0.032837	38
333	lightning	0.179250	-0.505356	38
334	lorry	0.318707	-0.375493	38
335	pair	-0.440463	0.584646	38
336	rhythms	-0.597128	-0.202063	38
337	textiles	-0.064185	-0.127433	38
338	trident	0.429603	-0.348297	38
339	areas	0.316937	0.585973	37
340	course	-0.190465	0.569861	37
341	havilland	0.529544	-0.865515	37
342	india	0.736847	0.833466	37
343	rocket	0.188043	-0.496030	37
344	saloon	0.415731	0.199590	37
345	satellite	0.019328	-0.079270	37
346	spain	0.531672	0.799833	37
347	vickers	0.855781	0.085490	37
348	woodland	0.694182	0.034053	37
349	ascending	-0.304112	-0.106620	36
350	boeing	0.474431	-0.868340	36
351	descending	-0.462023	0.076394	36
352	fireworks	-0.016474	-0.991881	36
353	kitchen	0.181836	0.109857	36
354	terrier	0.724770	-0.315296	36
355	aeroplane	0.489341	-0.911191	35
356	ambulance	-0.339430	0.283532	35
357	approach	-0.424262	0.239245	35
358	boxing	0.065675	-0.883333	35
359	button	-0.318765	-0.215980	35
360	club	-0.128681	0.642784	35
361	final	-0.516242	0.356174	35
362	mary	0.092852	0.890522	35
363	month	-0.871856	0.461393	35
364	rolls	-0.108437	-0.192036	35
365	works	-0.630015	0.140097	35
366	cambridge	0.813368	0.404348	34
367	conversation	-0.894724	-0.032321	34
368	departing	-0.375251	0.108582	34
369	equestrian	0.581211	-0.506841	34
370	field	0.187147	0.129912	34
371	long-range	-0.773843	0.331067	34
372	pilot	0.465528	-0.950378	34
373	splashes	0.026461	-0.645791	34
374	airport	0.535848	-0.883498	33
375	buses	0.124712	-0.262312	33
376	coins	-0.091613	0.236067	33
377	control	-0.381576	-0.143433	33
378	england	0.842090	0.585385	33
379	human	-0.076801	0.690174	33
380	hunting	0.074813	-0.742261	33
381	local	-0.369888	0.628038	33
382	stream	0.038327	-0.351289	33
383	suburbia	0.296189	0.529724	33
384	summer	-0.883105	0.487402	33
385	waterfall	0.028270	-0.617571	33
386	whistles	-0.487705	-0.575123	33
387	atmos	0.214230	0.276659	32
388	bath	-0.177034	-0.482825	32
389	cattle	0.812881	-0.150310	32
390	cockpit	0.433576	-0.881066	32
391	food	0.468851	0.087425	32
392	hammers	-0.046815	-0.626452	32
393	hour	-0.922032	0.257232	32
394	italy	0.649464	0.736832	32
395	rocks	0.167914	-0.375925	32
396	tiger	0.622177	-0.209667	32
397	anti	-0.498319	-0.217067	31
398	classroom	-0.252646	0.715397	31
399	cylinder	0.234262	-0.397466	31
400	fortes	0.196309	0.227936	31
401	gear	-0.028419	-0.057710	31
402	hawker	0.572759	-0.843141	31
403	middle	-0.545407	0.528711	31
404	modern	-0.471937	0.667388	31
405	pony	0.699037	-0.304929	31
406	rigs	0.050887	-0.204945	31
407	sailing	0.466697	-0.753311	31
408	snow	0.350824	0.124593	31
409	southern	0.514612	0.707790	31
410	steel	0.319127	0.060008	31
411	turbine	0.127509	-0.614155	31
412	underground	-0.291539	-0.051723	31
413	walk	-0.311898	-0.061277	31
414	wheel	0.183381	-0.285055	31
415	airplane	0.494490	-0.910200	30
416	ambience	-0.768212	-0.286706	30
417	band	-0.550871	-0.322345	30
418	centre	0.010332	0.564317	30
419	circus	-0.078838	-0.659739	30
420	dawn	-0.984603	0.275186	30
421	fairgrounds	-0.285118	0.422110	30
422	lift	-0.358252	-0.151330	30
423	mark	-0.172820	0.455186	30
424	oilfield	0.210205	-0.008016	30
425	other	-0.623813	0.636018	30
426	papermaking	-0.030719	0.209900	30
427	paul	0.137261	0.898230	30
428	position	-0.163526	0.303649	30
429	printer	-0.108666	0.176110	30
430	right	-0.810513	0.206457	30
431	self	-0.379594	0.616597	30
432	service	-0.238267	0.387449	30
433	starter	-0.386402	0.393172	30
434	strike	-0.082822	-0.800264	30
435	association	-0.096074	0.706103	29
436	bleeps	-0.565701	-0.555980	29
437	cart	-0.003822	0.323205	29
438	drum	-0.528282	-0.420798	29
439	loud	-0.780065	-0.493412	29
440	mill	0.077167	-0.398951	29
441	morse	0.016961	-0.384121	29
442	move	-0.427607	-0.060003	29
443	noisy	-0.776183	-0.555155	29
444	offshore	0.611641	-0.398288	29
445	police	-0.218711	0.234787	29
446	shells	0.352417	-0.102656	29
447	square	-0.307074	0.071591	29
448	static	-0.471938	-0.232453	29
449	wave	-0.165245	-0.315978	29
450	albert	0.198298	0.563410	28
451	anglia	0.955359	0.329236	28
452	bang	-0.428253	-0.598045	28
453	bridge	0.036991	-0.240401	28
454	bucket	0.233247	-0.313372	28
455	code	-0.200789	0.408346	28
456	deck	0.024724	-0.204240	28
457	flat	-0.589754	0.002830	28
458	goods	0.042890	0.192995	28
459	places	0.173735	0.532286	28
460	pulse	-0.454296	-0.271581	28
461	secondary	-0.488388	0.685292	28
462	sheet	-0.193573	0.302300	28
463	telegraph	-0.357632	0.168553	28
464	tourist	-0.287059	0.454612	28
465	trotting	0.157923	-0.616464	28
466	various	-0.682804	0.629970	28
467	wall	-0.078368	0.185061	28
468	west	0.564413	0.533293	28
469	westland	0.708538	0.379543	28
470	arms	-0.049672	-0.146838	27
471	ball	0.067546	0.186691	27
472	cabin	0.222923	0.158900	27
473	cheering	-0.899712	-0.311459	27
474	daily	-0.871098	0.370026	27
475	fountain	0.066140	-0.620660	27
476	frequency	-0.593724	-0.113006	27
477	hooter	-0.144971	-0.728534	27
478	impact	-0.507312	0.070033	27
479	inside	-0.184326	0.474232	27
480	kent	0.862394	0.451289	27
481	naval	0.602305	-0.684405	27
482	north	0.517006	0.589557	27
483	piper	0.185862	-0.511804	27
484	quorn	0.523553	-0.179258	27
485	rome	0.544037	0.687555	27
486	scandinavia	0.749668	0.487046	27
487	shackleton	0.741971	0.067856	27
488	soft	-0.789456	-0.094620	27
489	stadium	0.126685	0.257109	27
490	suburban	0.282246	0.440278	27
491	truck	0.263337	-0.248009	27
492	bottles	0.276659	0.076185	26
493	bursts	-0.705042	-0.299315	26
494	central	-0.110936	0.583303	26
495	chat	-0.892743	-0.030002	26
496	climb	-0.225146	-0.204492	26
497	coal	0.166947	-0.389943	26
498	goal	-0.237537	0.449185	26
499	grass	0.428343	0.105437	26
500	green	0.352632	0.255509	26
501	litre	0.118534	-0.289579	26
502	moth	0.573517	-0.493638	26
503	pipes	0.050081	-0.542318	26
504	professional	-0.236259	0.536266	26
505	recorded	-0.440296	0.195914	26
506	system	0.018465	0.268234	26
507	thrown	-0.167768	-0.402665	26
508	adventure	-0.110644	-0.389969	25
509	archery	0.344824	-0.649203	25
510	blasts	0.046970	-1.000000	25
511	calls	-0.356200	0.842707	25
512	false	-0.714376	-0.545317	25
513	gnome	0.124969	-0.142612	25
514	intervals	-0.795093	0.164602	25
515	lancaster	0.833765	0.508765	25
516	loose	-0.621062	-0.114262	25
517	nepal	0.847162	0.555175	25
518	peugeot	0.322179	-0.376490	25
519	skid	0.239276	0.293461	25
520	white	0.333837	0.367249	25
521	afternoon	-0.893963	0.319391	24
522	bedford	0.736534	0.409485	24
523	cortina	0.186439	-0.243369	24
524	crashing	-0.709261	-0.326160	24
525	forest	0.738566	-0.033704	24
526	meows	0.836099	-0.317299	24
527	paris	0.651153	0.576172	24
528	ringing	-0.346314	0.003951	24
529	spring	-0.866807	0.403946	24
530	trekking	0.021519	-0.440265	24
531	undergrowth	-0.522640	0.281753	24
532	angry	-0.789432	-0.616389	23
533	auster	0.438125	0.740741	23
534	britannia	0.760044	0.633448	23
535	buzzer	-0.386150	-0.721948	23
536	cuckoo	-0.621411	-0.619320	23
537	department	-0.064910	0.592871	23
538	lake	0.527296	-0.341847	23
539	number	-0.594515	0.567570	23
540	olds	-0.344659	0.760990	23
541	palace	0.184739	0.422261	23
542	passenger	0.091480	0.006502	23
543	patagonia	0.932876	0.602613	23
544	pigs	0.919039	-0.305837	23
545	protest	-0.709576	-0.148301	23
546	pumps	0.028867	-0.520985	23
547	take	-0.405878	-0.016999	23
548	trolley	0.187319	-0.208254	23
549	comet	0.277971	-0.441821	22
550	donkey	0.791010	-0.261781	22
551	drawer	0.114751	0.182279	22
552	farcical	-0.712833	-0.334466	22
553	fish	0.508201	-0.410621	22
554	girls'ao	0.056558	0.854648	22
555	goat	0.691128	-0.150071	22
556	horsedrawn	0.646628	-0.459224	22
557	interference	-0.616102	-0.151507	22
558	late	-0.742463	0.357185	22
559	league	0.123191	0.408577	22
560	leaves	0.557678	0.061628	22
561	manoeuvres	0.018960	0.590704	22
562	metro	0.149333	0.319736	22
563	pakistan	0.798697	0.691498	22
564	pass	-0.467013	0.018258	22
565	playground	-0.150593	0.049754	22
566	push	-0.448349	-0.215228	22
567	romania	0.720659	0.808555	22
568	sparrows	0.866870	-0.409904	22
569	trophy	-0.085068	-0.280536	22
570	under	-0.442125	0.326671	22
571	wide	-0.628748	0.304967	22
572	workshop	-0.170022	0.388649	22
573	abbey	0.612234	0.304727	21
574	belt	-0.006076	-0.327669	21
575	boots	0.017204	-0.208374	21
576	cannon	0.270384	-0.653293	21
577	chickens	0.913184	-0.325102	21
578	citroen	0.320846	-0.280867	21
579	crew	-0.081335	0.680265	21
580	cymbals	-0.423645	-0.421816	21
581	diving	0.058011	-0.714203	21
582	foreground	-0.135940	0.304690	21
583	infants	-0.070239	0.963177	21
584	iron	0.323103	0.073840	21
585	italian	0.607511	0.859803	21
586	junior	-0.381832	0.866922	21
587	ladder	-0.112367	-0.248922	21
588	military	0.377578	-0.857435	21
589	parish	0.377984	0.681560	21
590	quarter	-0.280535	0.305709	21
591	sheffield	0.824093	0.274888	21
592	spitfire	0.483186	-0.812739	21
593	thailand	0.795152	0.689277	21
594	timber	0.679431	-0.047266	21
595	tunnel	-0.204461	-0.104513	21
596	unknown	-0.477429	0.400188	21
597	wire	-0.091693	-0.276864	21
598	aop'ao	0.203043	0.788529	20
599	barracuda	0.320969	0.174237	20
600	barrage	0.086603	-0.646994	20
601	britain	0.828315	0.685045	20
602	business	-0.087837	0.466845	20
603	county	0.560358	0.633689	20
604	crow	0.885056	-0.373536	20
605	dove	0.590131	-0.529403	20
606	everton	0.304796	0.336889	20
607	gold	0.312599	0.190676	20
608	isle	0.688107	-0.014069	20
609	locomotive	0.134590	-0.220313	20
610	pistol	0.158942	-0.855300	20
611	rapid	-0.750259	0.178472	20
612	rattles	-0.552317	-0.628843	20
613	royce	0.785886	0.124098	20
614	stop	-0.547573	-0.326817	20
615	travel	-0.049312	-0.010166	20
616	vietnam	0.871430	0.641723	20
617	viscount	0.253349	-0.227870	20
618	wimbledon	0.155472	0.309773	20
619	arsenal	0.215725	0.299385	19
620	bank	-0.011248	0.289506	19
621	barrel	0.292058	-0.391435	19
622	blackbird	0.812099	-0.605762	19
623	chain	-0.030095	-0.138911	19
624	chorus	-0.585055	-0.307017	19
625	conference	-0.399483	0.561175	19
626	corridor	-0.152213	0.003292	19
627	first	-0.518968	0.448873	19
628	foyer	-0.170348	0.260717	19
629	germany	0.739104	0.741191	19
630	good-sounds	-0.767823	-0.235565	19
631	greenland	0.737602	0.469739	19
632	jumbo	-0.185244	-0.126464	19
633	march	-0.803000	0.262155	19
634	neumann-u87	0.014584	0.228788	19
635	pauses	-0.687678	-0.115347	19
636	rumble	-0.575941	-0.554524	19
637	steady	-0.768339	0.085123	19
638	technology	-0.181451	0.594950	19
639	tempo	-0.481694	-0.264368	19
640	tractor	0.331504	-0.172103	19
641	triumph	-0.378618	-0.069134	19
642	typewriter	-0.253621	0.224522	19
643	vintage	-0.533606	0.574807	19
644	adults	-0.114080	0.800680	18
645	arrows	0.360739	-0.557618	18
646	artillery	0.224573	-0.837194	18
647	barking	-0.609636	-0.721078	18
648	bomb	0.072596	-0.971381	18
649	chases	-0.370424	-0.279943	18
650	court	0.066341	0.356248	18
651	crockery	0.364915	-0.036306	18
652	entrance	-0.230183	0.189338	18
653	fashioned	-0.578985	0.403891	18
654	grammar	-0.676456	0.003486	18
655	gymnasium	0.081597	0.313452	18
656	king	0.177986	0.921762	18
657	mews	0.798137	-0.268924	18
658	mission	-0.225458	0.436819	18
659	monitor	-0.266715	0.090913	18
660	narrow	-0.349899	0.059649	18
661	range	-0.809831	0.381947	18
662	revolver	0.213611	-0.792495	18
663	roller	-0.167986	-0.271664	18
664	shingle	0.481775	-0.248408	18
665	silver	0.262566	0.139408	18
666	subdued	-0.839394	-0.207645	18
667	tennis	0.067638	0.432585	18
668	tyre	0.288501	-0.244078	18
669	unit	-0.121399	0.384702	18
670	warfare	0.233734	-0.976679	18
671	westminster	0.862127	0.422873	18
672	amazon	0.027247	0.426507	17
673	atomic	0.291476	0.186714	17
674	basin	0.060552	-0.349973	17
675	beagle	0.705711	-0.371232	17
676	body	-0.110264	0.400769	17
677	breathing	-0.442850	-0.528505	17
678	chaffinch	0.328212	0.004521	17
679	conventional	-0.563154	0.582366	17
680	deep	-0.596628	0.036184	17
681	descent	-0.452222	0.102785	17
682	faint	-0.782393	-0.153879	17
683	festival	-0.565141	0.404344	17
684	fights	0.076325	-0.938486	17
685	gasworks	0.033964	-0.012782	17
686	geese	0.848792	-0.472533	17
687	gems	0.143058	-0.293893	17
688	lambs	0.835830	-0.211600	17
689	liquid	0.146438	-0.347685	17
690	lots	-0.734892	0.524274	17
691	maritime	0.651097	-0.592501	17
692	mortar	0.157823	-0.129502	17
693	post-war	0.351132	-0.929051	17
694	press	-0.530963	0.021819	17
695	rail	0.162714	-0.195225	17
696	rainforest	0.766432	0.119558	17
697	rotor	0.162094	-0.404738	17
698	sewing	-0.041239	-0.109625	17
699	shore	0.548857	-0.196105	17
700	shotgun	0.135692	-0.826454	17
701	slot	-0.082180	0.022532	17
702	style	-0.213037	0.084256	17
703	supermarket	0.107512	0.325768	17
704	synthesised	-0.411301	0.156195	17
705	victoria	0.788523	0.691323	17
706	wembley	0.861136	0.386001	17
707	address	-0.066888	0.490147	16
708	alert	-0.586939	0.126573	16
709	brewer	0.471790	0.054984	16
710	cheltenham	0.920635	0.236185	16
711	chieftain	0.419529	-0.148003	16
712	concorde	0.394479	-0.333885	16
713	construction	-0.139248	0.350933	16
714	depart	-0.277259	0.054890	16
715	doodle	-0.396521	-0.146632	16
716	ducks	0.922859	-0.433350	16
717	fence	0.235949	-0.499521	16
718	full	-0.669862	0.270613	16
719	gauge	-0.330071	-0.198522	16
720	griffon	0.744113	-0.235154	16
721	hole	-0.180157	-0.017987	16
722	locks	-0.276650	-0.168291	16
723	macaws	0.905853	-0.364548	16
724	marine	0.642795	-0.589737	16
725	motorcycles	0.326320	-0.420829	16
726	newbury	0.898685	0.344273	16
727	passage	-0.312950	0.045643	16
728	purpose	-0.284233	0.469650	16
729	riley	0.578537	-0.152300	16
730	roar	-0.722388	-0.450468	16
731	screams	-0.735185	-0.609820	16
732	seafire	-0.041971	-0.971139	16
733	short-range	-0.795278	0.352356	16
734	singing	-0.688185	-0.269761	16
735	stroke	0.036717	-0.502761	16
736	telemetry	-0.334798	0.782153	16
737	troop	0.340343	-0.708714	16
738	turnstiles	-0.281173	-0.186106	16
739	veteran	0.343794	-0.841100	16
740	warbler	0.852857	-0.614345	16
741	wessex	0.920313	0.443660	16
742	whirlwind	-0.645715	-0.672766	16
743	wild	0.776219	-0.482505	16
744	without	-0.682836	0.281364	16
745	york	0.774143	0.480563	16
746	barks	0.928021	-0.325945	15
747	birmingham	0.828070	0.386309	15
748	border	-0.045101	-0.083179	15
749	brantley	0.859327	0.085981	15
750	cavern	-0.074347	-0.384140	15
751	centurion	0.674553	-0.134296	15
752	continental	0.346249	-0.267072	15
753	coughing	-0.436130	-0.670769	15
754	crossing	-0.386120	0.013551	15
755	crying	-0.804074	-0.576025	15
756	edge	-0.034643	-0.166621	15
757	gardening	0.517586	0.067245	15
758	gulls	0.891101	-0.565211	15
759	half	-0.646849	0.342581	15
760	halt	-0.597142	-0.273928	15
761	harbour	0.663645	-0.248801	15
762	heinkel	0.429447	0.071475	15
763	mini	-0.535908	0.661845	15
764	nasa	0.291627	-0.108311	15
765	outboard	0.486453	-0.701300	15
766	pedestrians	-0.424552	0.386960	15
767	plant	0.483254	0.060158	15
768	plastic	0.257997	0.104219	15
769	playhouse	-0.113241	0.224598	15
770	point	-0.281176	0.178236	15
771	prop	-0.190486	0.193418	15
772	pubs	0.473593	0.197280	15
773	radiation	0.053111	-0.204071	15
774	show	-0.372664	0.414279	15
775	spaniel	0.940460	-0.213974	15
776	starfighter	0.352214	-0.996997	15
777	supermarine	0.626867	-0.580558	15
778	tarmac	0.147418	0.003393	15
779	tower	-0.163418	-0.060733	15
780	transmission	-0.262294	0.171724	15
781	twangs	-0.592785	-0.524279	15
782	washing	-0.235352	-0.506791	15
783	andrew	-0.004796	0.737123	14
784	audible	-0.702207	-0.268304	14
785	banging	-0.494205	-0.572708	14
786	bicycle	0.155152	-0.307367	14
787	brewery	0.484913	0.109520	14
788	charles	0.233784	0.851484	14
789	clinks	0.033674	-0.569186	14
790	clockwork	-0.886427	0.118356	14
791	company	-0.049293	0.538803	14
792	counter	-0.409449	0.143146	14
793	covent	0.696699	0.524743	14
794	creeks	0.363405	-0.483331	14
795	cruisers	0.587601	-0.703528	14
796	drawn	-0.233183	0.172902	14
797	enemy	0.191199	-0.935884	14
798	engaged	-0.462372	0.299019	14
799	evening	-0.948581	0.374347	14
800	exchange	-0.211228	0.298609	14
801	fawley	0.703469	0.190220	14
802	fiesta	-0.535806	0.391042	14
803	fireplace	0.185092	-0.477718	14
804	heaven	-0.704025	-0.115556	14
805	hounds	0.857684	-0.322129	14
806	idle	-0.790727	0.040206	14
807	jump	-0.271267	-0.303683	14
808	knockers	-0.328842	-0.732203	14
809	milk	0.581285	0.013721	14
810	mobile	-0.211132	0.742403	14
811	multiple	-0.666221	0.717003	14
812	platform	0.021994	0.252826	14
813	players	0.022018	0.537713	14
814	portable	-0.115686	0.438367	14
815	prop-jet	0.368630	-0.885271	14
816	punches	-0.045815	-0.804682	14
817	pushbutton	-0.387894	-0.258714	14
818	refineries	-0.167218	-0.661791	14
819	religion	0.371292	0.761115	14
820	scooter	0.225448	-0.411832	14
821	shopping	0.018796	0.403292	14
822	sikorski	0.323360	0.256979	14
823	soldiers	0.356586	-0.810085	14
824	table	0.008787	0.379410	14
825	tour	-0.394356	0.452296	14
826	trawler	-0.016036	-0.776284	14
827	turboprop	0.080596	-0.656786	14
828	turkey	0.779779	0.672397	14
829	virgin	0.095349	0.786770	14
830	weight	-0.416500	0.005064	14
831	alvis	0.313857	0.411858	13
832	beach	0.619417	-0.184815	13
833	brewing	0.385257	0.027632	13
834	carpenters	0.092840	-0.298168	13
835	congregation	0.291703	0.686192	13
836	cows	0.846705	-0.162609	13
837	daytime	-0.969298	0.327942	13
838	dive	-0.007525	-0.661213	13
839	drilling	-0.034493	-0.376458	13
840	drop	-0.262890	-0.497957	13
841	dutch	0.690220	0.665472	13
842	emergency	-0.548188	0.206612	13
843	european	0.715870	0.798769	13
844	fairey	0.601572	-0.316832	13
845	force	-0.267272	-0.257207	13
846	grain	0.528305	-0.077852	13
847	greece	0.724926	0.657178	13
848	gyms	0.062564	0.281960	13
849	home	-0.315451	0.525613	13
850	insects	0.709774	-0.518452	13
851	keyboard	-0.242183	0.099728	13
852	mantle	-0.081769	-0.226014	13
853	many	-0.694646	0.619866	13
854	metres	-0.606841	0.276554	13
855	motorway	0.103711	-0.200191	13
856	museum	-0.227608	0.517642	13
857	paces	-0.399776	-0.099167	13
858	parade	-0.683347	0.198459	13
859	pheasant	0.916322	-0.443896	13
860	piano	-0.513531	-0.182902	13
861	pond	0.374005	-0.544501	13
862	porsche	0.251303	-0.404153	13
863	private	-0.388268	0.568478	13
864	procession	-0.663585	0.125564	13
865	random	-0.616186	0.277846	13
866	reformation	0.298297	0.693561	13
867	robin	0.367735	-0.291193	13
868	sand	0.518551	-0.183521	13
869	seagulls	0.922383	-0.476667	13
870	second	-0.578631	0.552670	13
871	stars	-0.939815	0.314050	13
872	succession	-0.294804	0.441209	13
873	suitable	-0.853273	0.129461	13
874	surf	0.489740	-0.336678	13
875	sycamore	0.687488	0.279029	13
876	wolves	0.828341	-0.274584	13
877	worn	-0.073678	-0.018093	13
878	wren	0.082063	-0.262818	13
879	alsatian	0.478179	0.461834	12
880	ausea	0.447984	0.739121	12
881	boys'ao	0.120249	0.926533	12
882	bugle	0.493814	-0.284279	12
883	bush	0.139958	0.675508	12
884	caller	-0.389359	0.845418	12
885	carpet	0.001663	-0.104673	12
886	clatter	-0.028665	-0.468174	12
887	clothing	-0.097537	-0.025835	12
888	cock	0.379422	-0.422717	12
889	conveyor	-0.172585	-0.829544	12
890	crane	-0.145658	-0.150903	12
891	crowded	-0.655559	0.384071	12
892	delta	0.419153	-0.333920	12
893	engineering	-0.151984	0.446973	12
894	forge	-0.057779	0.021854	12
895	frogs	0.847952	-0.311208	12
896	from	-0.446324	0.262504	12
897	front	-0.263027	0.429013	12
898	gambling	-0.264509	-0.219903	12
899	great	-0.941652	0.072081	12
900	growls	-0.682954	-0.615603	12
901	hell	-0.756937	-0.305680	12
902	hiss	-0.707919	-0.638941	12
903	hotel	0.009128	0.463081	12
904	hover	-0.187882	-0.355180	12
905	huskies	0.885450	-0.061344	12
906	john	0.143540	0.857142	12
907	left	-0.544742	0.273537	12
908	lloyds	0.238211	0.416692	12
909	lycoming	-0.556683	0.214726	12
910	michael	-0.014398	0.832263	12
911	microphone	-0.680886	-0.264070	12
912	midland	0.868103	0.227414	12
913	monasteries	0.499113	0.472859	12
914	onward	-0.542103	0.244247	12
915	orchestra	-0.586148	-0.399818	12
916	platoon	0.403350	-0.631310	12
917	political	0.015342	0.572156	12
918	queen	0.171773	0.924240	12
919	quest'au	0.182635	0.570982	12
920	reception	-0.416150	0.252666	12
921	record	-0.356932	0.307131	12
922	roof	-0.026881	-0.069488	12
923	rover	0.380740	-0.109873	12
924	scale	-0.590255	0.058766	12
925	sceptre	-0.293435	-0.556210	12
926	series	-0.497555	0.231835	12
927	shut	-0.706458	-0.303950	12
928	siamese	0.761310	0.751148	12
929	sonsdebarcelona	0.330463	0.809444	12
930	soundscape	-0.631832	-0.341016	12
931	starlings	0.941857	-0.491512	12
932	sydney	0.664779	0.569702	12
933	three	-0.650352	0.832490	12
934	thrush	0.525218	-0.102698	12
935	tropical	0.644538	0.264723	12
936	trouser	0.028870	-0.453285	12
937	umpire	0.044673	0.572836	12
938	umpire'aos	0.102946	0.618367	12
939	vessel	0.384960	-0.177314	12
940	warning	-0.569589	0.057008	12
941	aerobatics	0.325245	-0.781116	11
942	aerodrome	0.536987	-0.872758	11
943	approx	-0.764311	0.389568	11
944	arabic	0.629635	0.848944	11
945	armoured	0.429336	-0.627056	11
946	blows	-0.653503	-0.639101	11
947	brazil	0.813901	0.793512	11
948	broken	-0.473617	-0.461706	11
949	canoes	0.350313	-0.664382	11
950	christ	0.229717	0.876373	11
951	cicadas	0.336290	0.491151	11
952	clear	-0.633330	-0.282828	11
953	commands	-0.105327	0.084059	11
954	confidence	-0.780957	-0.150817	11
955	cross	-0.376046	0.033126	11
956	debris	-0.287549	-0.665656	11
957	devon	0.930278	0.323801	11
958	dinghy	-0.158708	-0.325896	11
959	east	0.402235	0.592788	11
960	execution	-0.267723	-0.256443	11
961	expectant	-0.532679	0.226162	11
962	exploration	-0.042326	-0.495144	11
963	fitness	-0.186112	0.034152	11
964	flowing	-0.075861	-0.482567	11
965	fortress	0.336840	-0.453944	11
966	four	-0.615435	0.794977	11
967	gentle	-0.869017	-0.061697	11
968	grandfather	-0.109339	0.828367	11
969	greyhound	0.905155	-0.173640	11
970	grinder	-0.206970	-0.724846	11
971	haired	-0.274961	-0.405916	11
972	hansom	0.342894	0.145746	11
973	harrier	-0.336902	-0.439875	11
974	health	-0.154887	0.572423	11
975	heartbeats	-0.481796	-0.332650	11
976	indian	0.661526	0.866376	11
977	industrial	-0.064705	0.500119	11
978	meal	0.402514	0.109735	11
979	midday	-0.919932	0.269414	11
980	mining	0.071725	-0.389506	11
981	mountain	0.627658	0.297939	11
982	operation	-0.236045	0.487976	11
983	payphone	-0.341292	0.996258	11
984	precinct	0.037764	0.449689	11
985	prototype	-0.428807	0.525804	11
986	quarry	0.143075	-0.337978	11
987	renault	0.321518	-0.313041	11
988	rooks	0.751755	-0.425886	11
989	rotary	0.196593	-0.259926	11
990	saws	0.073210	-0.602017	11
991	sequence	-0.554381	0.133165	11
992	seven	-0.611966	0.759306	11
993	spoken	-0.821294	-0.091843	11
994	stable	-0.734786	0.068509	11
995	stage	-0.368012	0.263791	11
996	stakes	0.427084	-0.581729	11
997	stationary	-0.456291	-0.167778	11
998	string	-0.118923	-0.221505	11
999	strong	-0.685752	0.074431	11
1000	talking	-0.898025	-0.056660	11
1001	thames	0.873356	0.276493	11
1002	tick	-0.062872	-0.400868	11
1003	triple	-0.622255	0.753892	11
1004	university	-0.118636	0.772633	11
1005	vocal	-0.649031	-0.318355	11
1006	weapon	0.172559	-0.835881	11
1007	willow	0.694610	-0.111290	11
1008	wings	0.522332	-0.691587	11
1009	woodpigeon	0.796176	-0.237865	11
1010	academy	-0.187681	0.844669	10
1011	ambient	-0.757336	-0.227501	10
1012	antique	-0.442197	0.584411	10
1013	australia	0.668759	0.833037	10
1014	bars	0.374899	0.135458	10
1015	bathroom	-0.180442	-0.465162	10
1016	blue	0.322372	0.332740	10
1017	bolt	0.324108	-0.447666	10
1018	bonnets	-0.070555	-0.476077	10
1019	bowling	-0.043854	0.121650	10
1020	bracket	-0.154242	-0.114123	10
1021	breeze	-0.653531	-0.337897	10
1022	brick	0.072887	-0.120496	10
1023	buckingham	0.798182	0.252481	10
1024	cambs	0.549568	-0.334286	10
1025	catalonia	0.463453	0.771649	10
1026	cessna	0.541713	-0.921921	10
1027	chairs	0.044433	0.233380	10
1028	cheerful	-0.942696	-0.231514	10
1029	cinques	0.362998	0.669567	10
1030	clay	0.252034	-0.069548	10
1031	coffee	0.453746	0.104143	10
1032	crystal	0.228827	-0.133126	10
1033	dairy	0.675276	-0.018311	10
1034	departure	-0.301533	0.071317	10
1035	doll	0.197642	0.330912	10
1036	driver	0.056667	-0.006036	10
1037	ecsort	0.409310	0.056530	10
1038	egypt	0.776818	0.722093	10
1039	escort	-0.039926	0.041152	10
1040	exhibition	-0.366730	0.501792	10
1041	felling	-0.119194	-0.550874	10
1042	firearms	0.186034	-0.875647	10
1043	fishing	0.337637	-0.527505	10
1044	fruit	0.622900	0.029937	10
1045	furnace	0.195796	-0.285828	10
1046	geiger	-0.164486	-0.234364	10
1047	grinding	-0.066101	-0.538771	10
1048	heart	-0.395593	-0.341778	10
1049	hens	0.890110	-0.298218	10
1050	iesflosicalcat	0.706994	-0.444357	10
1051	internal	-0.293371	0.569760	10
1052	island	0.717675	0.100999	10
1053	junkers	-0.264447	-0.783476	10
1054	kettle	0.379954	-0.130706	10
1055	launch	-0.363407	0.217101	10
1056	lincoln	0.514042	0.205309	10
1057	liverpool	0.914569	0.383929	10
1058	mid-distant	-0.826217	0.296101	10
1059	musical	-0.607158	-0.160007	10
1060	muskets	0.209620	-0.848208	10
1061	paddle	0.311109	-0.704715	10
1062	paul'aos	0.237849	0.837818	10
1063	peal	0.537626	-0.332884	10
1064	performance	-0.462783	0.114057	10
1065	piglets	0.948828	-0.352434	10
1066	plate	0.021353	-0.081007	10
1067	poland	0.804051	0.766485	10
1068	pole	0.453089	0.159523	10
1069	pounder	-0.206043	-0.115775	10
1070	puppies	0.982178	-0.299592	10
1071	quick	-0.778318	0.217924	10
1072	sandhurst	0.946943	0.300130	10
1073	scene	-0.180487	0.253703	10
1074	sellers	-0.036326	0.371610	10
1075	shallow	-0.682473	-0.018451	10
1076	sharpening	-0.023522	-0.390852	10
1077	sine	0.168361	-0.067339	10
1078	snooker	0.118611	-0.333935	10
1079	spanish	0.556434	0.841150	10
1080	springboard	0.436222	-0.732600	10
1081	subway	0.112168	-0.023585	10
1082	swimmer	0.085959	-0.684170	10
1083	switch	-0.419936	-0.107375	10
1084	thecityrings	0.319300	0.603796	10
1085	throw	-0.152871	-0.422902	10
1086	typing	-0.274768	0.106498	10
1087	wales	0.828556	0.631405	10
1088	waste	-0.335868	-0.647597	10
1089	above	-0.538519	0.237354	9
1090	against	-0.505942	-0.138642	9
1091	agricultural	0.656074	0.047302	9
1092	airfield	0.565045	-0.815397	9
1093	aluminium	0.271401	0.309225	9
1094	ammunition	0.097437	-0.862596	9
1095	arcade	-0.125922	0.109107	9
1096	ballroom	-0.079843	0.240580	9
1097	beam	0.143559	-0.223294	9
1098	beaufighters	0.368147	-0.962334	9
1099	boiler	0.221076	-0.218837	9
1100	boos	-0.628391	-0.645457	9
1101	broadcasting	-0.448081	0.088692	9
1102	caius	0.529069	0.194597	9
1103	canal	0.154956	-0.493023	9
1104	children'aos	0.172258	0.835126	9
1105	cityrings	0.322879	0.529987	9
1106	collie	0.977232	-0.258399	9
1107	compressor	0.005661	-0.638673	9
1108	conductor	-0.144870	-0.264443	9
1109	copenhagen	0.707373	0.420990	9
1110	cottage	0.567047	0.293993	9
1111	creed	-0.178533	0.084338	9
1112	derby	0.778944	0.093624	9
1113	disposal	-0.338201	-0.599041	9
1114	exits	-0.296555	0.068300	9
1115	glassworks	0.093236	-0.021594	9
1116	golf	-0.034319	0.494803	9
1117	granite	0.219450	-0.204926	9
1118	gully	0.371351	-0.540653	9
1119	harvester	-0.191465	-0.856630	9
1120	hill	-0.211606	0.051762	9
1121	holland	0.734630	0.482284	9
1122	hums	-0.497994	-0.529375	9
1123	jubilee	-0.546217	0.693785	9
1124	lawn	0.391377	-0.000195	9
1125	leader	-0.182801	0.623588	9
1126	lifeboat	0.474791	-0.424017	9
1127	malcolm	0.461429	-0.134089	9
1128	maximus	0.414555	-0.161455	9
1129	mechanical	0.155743	-0.223674	9
1130	miller	0.449724	0.054299	9
1131	mosquito	0.642873	-0.513176	9
1132	nicholas	0.213336	0.741902	9
1133	paper	-0.077712	0.315993	9
1134	peter	0.083294	0.837512	9
1135	pressure	-0.273077	-0.407991	9
1136	quest	-0.176631	0.130430	9
1137	riots	-0.738455	-0.187354	9
1138	rotodyne	0.394071	-0.219434	9
1139	rowing	0.385217	-0.676453	9
1140	rubber	0.283503	-0.081795	9
1141	shoot	-0.258678	-0.332981	9
1142	side	-0.495683	0.307018	9
1143	skylark	0.544204	-0.481048	9
1144	sleigh	-0.049950	-0.583241	9
1145	somerset	0.894152	0.292023	9
1146	species	0.844515	-0.319133	9
1147	sporting	0.129163	0.373138	9
1148	squash	0.516970	-0.006909	9
1149	steamer	0.269569	-0.237161	9
1150	stedman	0.632531	0.277851	9
1151	sunderland	0.825032	0.381153	9
1152	temple	0.433202	0.565256	9
1153	tenor	-0.561510	-0.394621	9
1154	thunderbolt	0.357837	-0.520162	9
1155	tills	0.239174	0.123597	9
1156	toilet	-0.169499	-0.531535	9
1157	vampire	0.616524	-0.431039	9
1158	vertical	-0.484050	0.182453	9
1159	ward	-0.083262	-0.024553	9
1160	wheeled	0.210742	-0.371570	9
1161	yacht	0.530679	-0.675289	9
1162	yugoslav	0.594125	0.748276	9
1163	accessories	0.018068	0.099992	8
1164	anchor	-0.068978	-0.110578	8
1165	aoold	0.286837	0.665409	8
1166	banger'ao	-0.415551	-0.709761	8
1167	barrier	-0.261069	-0.027048	8
1168	billiards	0.067249	-0.494982	8
1169	block	-0.390748	-0.263383	8
1170	bonfire	0.018655	-0.849916	8
1171	boom	-0.704264	-0.430685	8
1172	bows	0.340832	-0.614556	8
1173	budgerigars	0.951979	-0.372282	8
1174	burmese	0.698975	0.670803	8
1175	calves	0.828336	-0.190174	8
1176	campus-upf	0.000832	0.694292	8
1177	cantering	-0.113977	-0.254080	8
1178	cell	-0.032847	0.393350	8
1179	chad	0.683105	0.821093	8
1180	chamber	-0.063967	0.266809	8
1181	channel	-0.303313	-0.042121	8
1182	chassis	0.232611	-0.145508	8
1183	chiffchaff	0.389238	-0.243147	8
1184	chile	0.923325	0.605478	8
1185	clicks	-0.328011	-0.188816	8
1186	cobbles	0.413735	-0.249415	8
1187	commences	-0.469144	0.339363	8
1188	concourse	0.484175	-0.766064	8
1189	corn	0.621930	0.009572	8
1190	curtains	-0.047623	-0.129848	8
1191	dance	-0.331294	-0.121566	8
1192	drainpipe	0.085954	-0.558448	8
1193	echoey	0.478677	-0.312315	8
1194	evercreech	0.177112	0.302060	8
1195	flies	0.692212	-0.619049	8
1196	flock	0.611602	-0.234259	8
1197	focke	0.310211	-0.142063	8
1198	formula	-0.287701	0.399875	8
1199	frame	-0.027562	0.261968	8
1200	gallery	-0.256616	0.468586	8
1201	gasp	-0.761700	-0.494833	8
1202	grandsire	-0.313638	0.686343	8
1203	groans	-0.775228	-0.652690	8
1204	gusty	-0.452046	-0.606577	8
1205	hants	0.504804	-0.021900	8
1206	heathrow	0.910980	0.249000	8
1207	hiccoughs	0.590573	-0.274548	8
1208	hungary	0.823541	0.741733	8
1209	inch	-0.677072	0.309909	8
1210	keyed	-0.291566	0.024637	8
1211	labrador	0.843457	-0.027849	8
1212	lambretta	0.563325	0.176766	8
1213	last	-0.603648	0.372891	8
1214	lathe	0.103927	-0.016377	8
1215	launching	-0.397377	0.323970	8
1216	length	-0.730631	0.386427	8
1217	life	-0.638057	0.385571	8
1218	location	0.072532	0.565261	8
1219	meter	-0.380010	0.066881	8
1220	mice	0.963503	-0.357906	8
1221	miss	0.004375	0.720685	8
1222	mower	0.330132	-0.149477	8
1223	muddy	-0.306640	-0.575891	8
1224	muffled	-0.817916	-0.341986	8
1225	navy	0.569788	-0.749522	8
1226	nightingale	0.651434	0.220957	8
1227	normal	-0.705648	0.466352	8
1228	parrots	0.880715	-0.453290	8
1229	picture	-0.149653	0.530917	8
1230	poultry	0.870578	-0.256395	8
1231	prison	0.016826	0.156687	8
1232	projector	-0.121390	0.156525	8
1233	pulp	-0.061136	-0.208289	8
1234	punting	-0.201672	-0.227051	8
1235	quayside	0.667383	0.010345	8
1236	refrigerator	0.060016	0.067745	8
1237	rider	0.350074	-0.416207	8
1238	riverside	0.478094	-0.342620	8
1239	rochdale	0.915087	0.297462	8
1240	seaside	0.718166	-0.061848	8
1241	shoe	-0.000368	-0.226990	8
1242	shutter	-0.257234	-0.068636	8
1243	site	-0.186670	0.520344	8
1244	sixteen	-0.480169	0.863274	8
1245	sixty	-0.533582	0.692130	8
1246	snores	-0.376376	-0.635151	8
1247	sonic	-0.364188	-0.371313	8
1248	spectators	-0.424953	0.439710	8
1249	stock	-0.044651	0.238850	8
1250	straw	0.099582	-0.335480	8
1251	structure	-0.152802	0.395752	8
1252	surgery	-0.224163	0.498750	8
1253	taps	-0.063633	-0.449019	8
1254	tools	-0.001523	0.037418	8
1255	torpedo	0.418681	-0.516487	8
1256	traditional	-0.498425	0.535269	8
1257	trinity	-0.558749	0.791553	8
1258	valve	0.162959	-0.375957	8
1259	vanguard	-0.032592	-0.429636	8
1260	vegetable	0.559321	-0.014887	8
1261	vendors	0.076513	0.399401	8
1262	vespa	0.263952	0.352644	8
1263	volcanic	0.060140	-0.786250	8
1264	western	0.617765	0.541750	8
1265	whoosh	-0.736326	-0.585362	8
1266	wolseley	0.717645	0.043413	8
1267	worcester	0.914068	0.294054	8
1268	wulf	0.423718	0.303297	8
1269	young	-0.340192	0.908944	8
1270	zoom	-0.512990	0.061465	8
1271	anncts	0.280030	0.185126	7
1272	appliance	0.184565	0.061458	7
1273	apricot	0.539966	-0.079745	7
1274	argentina	0.942991	0.685840	7
1275	athletics	0.043810	0.393971	7
1276	ausilver	0.416372	0.709195	7
1277	autumn	-0.918286	0.481132	7
1278	average	-0.721091	0.449315	7
1279	barn	0.540353	0.125104	7
1280	battery	0.048178	-0.253293	7
1281	battleships	0.602703	-0.699745	7
1282	beer	0.493395	0.031761	7
1283	benz	0.539432	0.284810	7
1284	blackpool	0.856688	0.166550	7
1285	blind	-0.404076	-0.108885	7
1286	bustle	0.493661	-0.304147	7
1287	calm	-0.834958	-0.168583	7
1288	camera	-0.314791	0.229685	7
1289	cascade	0.156238	-0.105327	7
1290	cases	-0.039438	0.390998	7
1291	catholic	0.338358	0.767622	7
1292	cellnet	-0.040932	0.322892	7
1293	cinder	0.133411	-0.687618	7
1294	cine	-0.207015	0.277449	7
1295	circling	-0.359363	-0.107716	7
1296	clang	0.451211	-0.289043	7
1297	cold	0.365949	0.143288	7
1298	combine	-0.582386	0.543199	7
1299	complete	-0.640282	0.336747	7
1300	complex	-0.536760	0.643098	7
1301	courage	-0.672849	-0.115307	7
1302	crackle	0.526018	-0.283712	7
1303	cutlery	0.127969	-0.008517	7
1304	cutter	-0.048218	-0.455113	7
1305	czech	0.625138	0.721789	7
1306	desk	0.012584	0.261328	7
1307	dialling	-0.378238	0.758000	7
1308	elephant	0.794462	-0.229392	7
1309	enthusiastic	-0.871926	-0.165880	7
1310	erratic	-0.893266	-0.220518	7
1311	escalator	-0.345458	-0.328433	7
1312	eurostar	0.088627	0.072940	7
1313	euston	0.822165	0.300919	7
1314	explosive	0.038316	-0.964793	7
1315	figures	-0.244503	0.255405	7
1316	finland	0.790504	0.642075	7
1317	five	-0.587570	0.777092	7
1318	flap	-0.273018	-0.170140	7
1319	formation	-0.355777	0.331508	7
1320	frantic	-0.762651	-0.341255	7
1321	georgia	0.559775	0.755732	7
1322	ghost	-0.647693	-0.248211	7
1323	ghost'au	0.201431	0.654505	7
1324	giant	-0.717120	0.387627	7
1325	holborn	0.400975	-0.537116	7
1326	hornby	0.540727	-0.375778	7
1327	hysterical	-0.826771	-0.627048	7
1328	ies-manuelcarrasco-i-formiguera	0.452370	0.750624	7
1329	indicator	-0.343347	0.289202	7
1330	intermediate	-0.568567	0.349782	7
1331	item	-0.036214	0.455418	7
1332	jackdaw	0.459530	-0.251271	7
1333	jumping	-0.150991	-0.468893	7
1334	jungle	0.753344	-0.085175	7
1335	kenya	0.868527	0.759567	7
1336	kiosk	0.221769	0.087850	7
1337	klaxon	0.476822	-0.220346	7
1338	lane	-0.025632	-0.027770	7
1339	lively	-0.789451	-0.209484	7
1340	lounge	0.107540	0.257469	7
1341	lunchtime	0.308529	0.262685	7
1342	marching	-0.751782	-0.069703	7
1343	merton	0.724821	0.321641	7
1344	micro	-0.264259	0.743190	7
1345	middlesex	0.830026	0.376453	7
1346	minute	-0.822668	0.253904	7
1347	monks	0.546495	0.361423	7
1348	monotony	-0.841096	-0.486047	7
1349	moscow	0.741571	0.692977	7
1350	multisample	-0.678884	0.613874	7
1351	neophone	-0.334651	1.000000	7
1352	ocean	0.666354	-0.110216	7
1353	offset	-0.303003	0.166881	7
1354	operator	-0.179987	0.549825	7
1355	oriel	0.454720	0.362079	7
1356	parts	-0.087474	0.302559	7
1357	petersfield	0.176866	0.289724	7
1358	pits	-0.108289	-0.604042	7
1359	plas	0.169117	0.448732	7
1360	play	-0.314350	0.032932	7
1361	pottery	0.302664	0.018222	7
1362	prague	0.634070	0.595568	7
1363	prayers	-0.646548	-0.169365	7
1364	pumping	0.083555	-0.587838	7
1365	rink	-0.069430	0.022605	7
1366	rowdy	-0.580213	-0.581053	7
1367	saladin	0.359436	0.125125	7
1368	same	-0.657063	0.548122	7
1369	samoyed	-0.484431	-0.287540	7
1370	saracen	0.425514	-0.016889	7
1371	scorpion	0.436495	-0.470937	7
1372	sealyham	0.851395	0.168833	7
1373	sepulchre	0.040513	-0.217123	7
1374	sharp	-0.076205	-0.389897	7
1375	shower	-0.233641	-0.548492	7
1376	shuttle	0.169092	-0.112029	7
1377	sign	-0.390565	0.346600	7
1378	silverstone	0.215077	-0.095176	7
1379	single-note	-0.378436	0.455033	7
1380	sinks	-0.102612	-0.499685	7
1381	skiing	0.337555	0.277805	7
1382	sloop	0.631569	-0.660097	7
1383	soil	0.465628	0.006389	7
1384	special	-0.596741	0.595724	7
1385	spray	-0.252902	-0.518892	7
1386	stalls	-0.246851	-0.507914	7
1387	store	-0.025243	0.373381	7
1388	stretchers	-0.244426	-0.750281	7
1389	striking	-0.107788	-0.724081	7
1390	talk	-0.876826	-0.033839	7
1391	tannoy	-0.537223	-0.707871	7
1392	teenage	-0.373305	0.913516	7
1393	teleprinter	-0.311032	0.824356	7
1394	terminal	-0.001054	0.015022	7
1395	tournament	-0.030680	0.214088	7
1396	traction	-0.032203	-0.326060	7
1397	turn	-0.438045	-0.037661	7
1398	unshod	-0.526175	-0.029135	7
1399	velocity	-0.321348	-0.313045	7
1400	ventilator	-0.245144	-0.687783	7
1401	wash	-0.240892	-0.556371	7
1402	wedding	-0.545043	0.371879	7
1403	winch	0.144221	-0.059896	7
1404	windmill	0.110260	-0.559253	7
1405	windsurfing	0.363432	-0.685769	7
1406	wwii	0.316514	-0.931135	7
1407	yelp	-0.481573	0.282716	7
1408	action	-0.408509	-0.127712	6
1409	airedale	0.595745	-0.416687	6
1410	alaska	0.653011	0.686609	6
1411	alaskan	0.620192	0.736534	6
1412	alight	-0.423001	0.125816	6
1413	amateur	-0.279523	-0.238018	6
1414	amusement	-0.557374	-0.478839	6
1415	annoying	-0.820647	-0.552589	6
1416	arrival	-0.334682	0.267074	6
1417	articulated	-0.264483	0.019017	6
1418	auditorium	-0.151766	0.452441	6
1419	avalanche	0.251893	-0.066858	6
1420	aylesbury	0.929243	0.226855	6
1421	badminton	0.110105	0.310961	6
1422	bailey	0.385266	0.007342	6
1423	balloon	-0.003661	-0.765387	6
1424	bandeirante	-0.399990	-0.207091	6
1425	banderante	-0.384128	-0.208633	6
1426	banger	-0.423185	-0.758390	6
1427	barcelonetasonora	0.302788	0.155599	6
1428	barge	0.390470	-0.462102	6
1429	battlefield	0.193380	-0.935158	6
1430	belch	0.203388	0.005186	6
1431	belgium	0.836085	0.687380	6
1432	bike	0.197497	-0.370917	6
1433	binaural	-0.646754	-0.399829	6
1434	bofors	0.383548	0.061126	6
1435	bolivia	0.925696	0.654412	6
1436	bond	-0.091181	-0.164444	6
1437	bucharest	0.675057	0.703858	6
1438	built	-0.168683	0.293006	6
1439	bull	0.750105	-0.210965	6
1440	buzz	-0.437978	-0.591358	6
1441	cabaret	0.131280	0.181598	6
1442	canteen	0.287882	0.205302	6
1443	cartridge	-0.043059	0.132470	6
1444	catalunya	0.607385	0.143127	6
1445	change	-0.539290	0.035553	6
1446	chant	-0.735351	-0.313831	6
1447	chinese	0.703819	0.884293	6
1448	chisel	0.349122	-0.314646	6
1449	circuit	-0.306573	-0.255037	6
1450	cleaner	-0.323735	-0.522145	6
1451	clement	0.451897	-0.061625	6
1452	cloth	-0.066366	-0.177491	6
1453	cockatiel	0.797322	-0.492698	6
1454	collection	-0.194497	0.459830	6
1455	comfortable	-0.855217	-0.124592	6
1456	compartment	-0.074248	0.223945	6
1457	coop	0.262937	-0.174384	6
1458	dane	0.687848	0.184342	6
1459	dashboard	-0.076523	0.065344	6
1460	deciduous	0.391523	0.343746	6
1461	dentists	-0.074760	0.614357	6
1462	downhill	-0.399280	0.039556	6
1463	dusk	-0.996856	0.323333	6
1464	edinburgh	0.797801	0.325191	6
1465	embraer	-0.352418	-0.668369	6
1466	emmanuel	0.195453	0.790822	6
1467	empty	-0.719488	0.120532	6
1468	enactment	-0.445506	-0.011210	6
1469	ethiopia	0.865652	0.785668	6
1470	extractor	-0.217169	-0.882981	6
1471	fairly	-0.800575	0.121592	6
1472	farmyard	0.630313	0.102037	6
1473	fiat	0.266675	-0.142993	6
1474	film	-0.274631	0.239063	6
1475	flames	-0.002014	-0.878136	6
1476	folk song	-0.633001	-0.250153	6
1477	foundry	-0.067618	0.049935	6
1478	free	-0.647096	0.163454	6
1479	freight	0.074929	-0.048646	6
1480	gale	0.413584	-0.616864	6
1481	generator	-0.161766	-0.261569	6
1482	george	0.037672	0.918162	6
1483	gloucester	0.884989	0.381110	6
1484	golden	0.426057	0.339615	6
1485	grandstand	-0.363940	0.501353	6
1486	gust	-0.367548	-0.459162	6
1487	harmonic	-0.465514	-0.349436	6
1488	hedge	0.163884	-0.248078	6
1489	hedgerow	0.345055	-0.114173	6
1490	hollow	-0.525564	-0.156909	6
1491	horsmonden	0.378182	-0.476932	6
1492	hose	0.116873	-0.478655	6
1493	hovercraft	-0.083912	-0.384824	6
1494	infantry	0.350091	-0.786575	6
1495	intensive	-0.539024	0.434568	6
1496	jangle	0.338203	-0.217318	6
1497	kennels	1.000000	-0.265484	6
1498	khao	0.497205	-0.068679	6
1499	kilndown	0.288733	0.003769	6
1500	knife	0.033699	-0.451120	6
1501	landing	0.296816	-0.764349	6
1502	launderette	-0.260851	-0.584557	6
1503	leicester	0.913777	0.332038	6
1504	leonides	0.647776	-0.473924	6
1505	library	-0.090651	0.476954	6
1506	lions	0.930025	-0.239717	6
1507	lloyd'aos	0.261444	0.670373	6
1508	maestro	-0.546304	-0.371391	6
1509	magdalen	0.591773	0.241069	6
1510	malamute	0.752348	-0.326687	6
1511	maltese	0.600773	0.457260	6
1512	mangle	0.559861	-0.351210	6
1513	marquee	0.211194	-0.061982	6
1514	mild	-0.853464	0.069325	6
1515	mine	-0.438592	0.679084	6
1516	misfire	-0.064423	-0.974610	6
1517	mixer	-0.349322	0.006865	6
1518	mother	0.028923	0.911820	6
1519	motion	-0.313764	-0.132304	6
1520	multitone	-0.636255	0.622349	6
1521	napier	0.757663	0.310063	6
1522	napoleonic	0.696727	0.586545	6
1523	neutral	-0.798029	0.014211	6
1524	norfolk	0.887157	0.373696	6
1525	off,march	-0.852641	0.322412	6
1526	operating	-0.155860	0.431222	6
1527	oscillator	-0.436069	-0.519818	6
1528	osterley	0.869223	0.185942	6
1529	panel	-0.038613	0.186460	6
1530	pantograph	-0.163194	0.225814	6
1531	parakeet	0.786410	-0.494982	6
1532	phaser	-0.342485	-0.823761	6
1533	polo	0.089226	-0.084930	6
1534	presentation	-0.460336	0.439120	6
1535	primary	-0.430018	0.719567	6
1536	proms	0.048556	0.201966	6
1537	pupils	-0.207900	0.923125	6
1538	railcar	0.228312	-0.142706	6
1539	regent	0.100453	0.169398	6
1540	repairing	-0.193451	-0.149219	6
1541	ricochets	-0.071898	-0.676658	6
1542	rolling	-0.140736	-0.265564	6
1543	roulette	-0.203360	-0.186190	6
1544	roundabouts	-0.223213	-0.218078	6
1545	runs	-0.417933	-0.166712	6
1546	runway	0.506393	-0.932328	6
1547	russian	0.645757	0.861621	6
1548	rustles	0.535758	-0.290404	6
1549	scrambling	-0.530906	-0.214459	6
1550	screaming	-0.771782	-0.640960	6
1551	scuba	0.106161	-0.709251	6
1552	setrite	-0.179814	-0.089154	6
1553	sikorsky	0.272624	0.060261	6
1554	simulate	-0.438265	0.326286	6
1555	sing	-0.676708	-0.294817	6
1556	skater	-0.117366	-0.113474	6
1557	sliding	-0.232979	-0.357209	6
1558	smiles	-0.959090	-0.250611	6
1559	soundman	-0.647116	-0.486593	6
1560	speedway	-0.252018	-0.156626	6
1561	squeaky	-0.687223	-0.701848	6
1562	starting	-0.445287	0.448165	6
1563	steep	-0.435417	-0.022198	6
1564	stun	-0.498242	-0.663518	6
1565	submerged	0.213512	-0.702405	6
1566	super	-0.130165	0.621180	6
1567	suzy	0.511984	-0.078372	6
1568	swamp	0.167198	-0.571912	6
1569	swiss	0.813363	0.692772	6
1570	team	-0.063504	0.616083	6
1571	thrust	0.040278	-0.528024	6
1572	thunderstorm	0.284512	-0.633368	6
1573	ticking	-0.444883	-0.257856	6
1574	tide	0.438814	-0.409243	6
1575	tompion	0.571504	0.297884	6
1576	touch	-0.223030	-0.141812	6
1577	transit	0.135309	-0.098254	6
1578	trunk	0.243623	-0.169747	6
1579	tugs	0.310995	-0.465918	6
1580	tuning	-0.545682	-0.143206	6
1581	underwater	0.127038	-0.714821	6
1582	upf-cs13	0.001376	0.643399	6
1583	vacuum	-0.244996	-0.563779	6
1584	vanden	0.564011	0.446980	6
1585	weir	0.133627	-0.468849	6
1586	whipping	-0.218172	-0.465332	6
1587	whittlesford	0.896817	0.173136	6
1588	widgeon	0.705983	-0.190664	6
1589	wine	0.513827	0.104003	6
1590	winners	-0.418997	0.276958	6
1591	wipers	-0.171115	-0.705334	6
1592	african	0.802640	0.759065	5
1593	ammassalik	-0.340723	-0.071997	5
1594	anglo	0.745339	0.755762	5
1595	answering	-0.782476	-0.035252	5
1596	asuncion	0.342049	0.548237	5
1597	attempts	-0.417769	0.231584	5
1598	auto	0.313871	-0.211929	5
1599	baboons	0.931289	-0.223238	5
1600	balliol	0.204991	0.006946	5
1601	bangkok	0.787350	0.595940	5
1602	bees	0.781289	-0.400054	5
1603	belfast	0.755791	0.448460	5
1604	belles	0.871666	-0.324095	5
1605	berwick	0.805646	0.388837	5
1606	blizzard	0.302734	-0.691041	5
1607	blustery	-0.725684	-0.665537	5
1608	bombardment	0.092848	-0.931762	5
1609	bookmakers	0.023131	0.304538	5
1610	boxes	0.081833	0.143063	5
1611	brake	-0.330105	-0.336356	5
1612	brass	0.301751	-0.333536	5
1613	bread	0.513055	0.042054	5
1614	breast	0.264852	0.075118	5
1615	brewer'aos	0.418159	0.333337	5
1616	britannina	0.451790	0.827507	5
1617	bubbles	-0.075625	-0.622016	5
1618	bulldozer	0.649761	-0.432679	5
1619	cairo	0.703971	0.596681	5
1620	caracalla	0.378832	0.313238	5
1621	cerokee	0.004881	-0.425001	5
1622	chacma	0.283430	0.496018	5
1623	chapel	0.254574	0.607492	5
1624	checkout	-0.049619	0.428359	5
1625	chemical	0.179709	0.012975	5
1626	cherokee	0.591528	0.773538	5
1627	chip	0.024476	0.054582	5
1628	circle	-0.289428	-0.061322	5
1629	circular	-0.330017	-0.104486	5
1630	clogs	-0.052384	-0.592476	5
1631	closing	-0.676015	-0.184127	5
1632	coast	0.667777	-0.164832	5
1633	commercial	-0.088146	0.445575	5
1634	compmusic	-0.321722	-0.280605	5
1635	crawl	-0.238616	-0.487451	5
1636	crusher	-0.326144	-0.783545	5
1637	cupboard	0.171163	0.091855	5
1638	darts	0.220650	-0.584358	5
1639	deltasona	0.386968	0.148193	5
1640	dental	-0.070502	0.436545	5
1641	depot	0.061436	0.170207	5
1642	digital	-0.099056	0.465970	5
1643	dining	0.351807	0.171680	5
1644	disperse	-0.267568	-0.428539	5
1645	dover	0.884385	0.452913	5
1646	dray	-0.457496	-0.331289	5
1647	drone	0.302303	-0.201760	5
1648	dryer	-0.277753	-0.749024	5
1649	excavator	-0.096337	-0.846702	5
1650	executive	-0.116449	0.767133	5
1651	fade	-0.660401	-0.050878	5
1652	falls	-0.114864	-0.523017	5
1653	farmland	0.648071	0.159920	5
1654	fencing	0.282251	-0.607287	5
1655	fine	-0.867296	0.121410	5
1656	fingers	-0.152937	-0.165921	5
1657	flow	-0.014389	-0.378363	5
1658	gaff	0.255179	0.521685	5
1659	gracia-territori-sonor	0.398642	0.541316	5
1660	grand	-0.422217	0.614742	5
1661	grenades	0.008228	-0.831808	5
1662	grimsby	0.919535	0.204100	5
1663	grinds	-0.089261	-0.591262	5
1664	gts	0.182378	0.458168	5
1665	guard	0.252681	-0.629414	5
1666	hamburg	0.624320	0.409100	5
1667	hatch	-0.374834	0.348896	5
1668	head	-0.194952	0.045562	5
1669	hearty	-0.553427	-0.641718	5
1670	henley	0.557662	-0.585324	5
1671	hertziosfera	0.583242	-0.302550	5
1672	highlights	-0.461779	0.424291	5
1673	hillside	-0.317540	0.085424	5
1674	hobercraft	0.346169	-0.264906	5
1675	hopper	-0.000889	-0.479551	5
1676	hydraulic	0.119961	-0.541836	5
1677	image	-0.115763	0.522969	5
1678	impulse	-0.360389	-0.317235	5
1679	instruments	-0.505756	-0.424639	5
1680	intermittent	-0.851167	0.028912	5
1681	irish	0.631356	0.688688	5
1682	jaguar	0.467008	-0.229503	5
1683	japanese	0.685345	0.867082	5
1684	jets	0.398613	-0.894577	5
1685	journey	-0.233077	0.083313	5
1686	keble	-0.487005	-0.632719	5
1687	ketch	0.462344	0.014295	5
1688	laboratory	-0.185549	0.515971	5
1689	ladies	0.001658	0.884073	5
1690	lakeside	0.526452	-0.339184	5
1691	languages	0.616722	0.937424	5
1692	lapping	-0.021768	-0.493539	5
1693	less	-0.735277	0.285092	5
1694	lichfield	0.947662	0.305966	5
1695	linotype	-0.362689	0.434569	5
1696	live	-0.544585	0.335732	5
1697	loco	0.108574	-0.211343	5
1698	longbow	0.425141	-0.662010	5
1699	loom	-0.001464	-0.136357	5
1700	lower	-0.583952	0.144628	5
1701	lunch	0.379154	0.236443	5
1702	lutine	0.355672	-0.040252	5
1703	metallic	0.277509	0.209388	5
1704	midget	-0.583499	0.331454	5
1705	money	-0.082826	0.341507	5
1706	nail	0.023197	-0.347046	5
1707	nature	0.647134	0.019107	5
1708	nearby	0.194228	0.574478	5
1709	nice	-0.926110	-0.042920	5
1710	nightime	-0.952243	0.259379	5
1711	november	-0.819619	0.538581	5
1712	nursery	0.075987	0.750898	5
1713	oakley	-0.072562	-0.268716	5
1714	oars	0.463071	-0.576851	5
1715	officer	-0.124414	0.495794	5
1716	okm-ii	-0.544665	0.328410	5
1717	overhead	-0.426657	-0.045588	5
1718	pacific	0.771636	0.724476	5
1719	parlour	-0.152321	-0.744400	5
1720	peacocks	0.850292	-0.336421	5
1721	powered	-0.107558	-0.355949	5
1722	prince	0.165465	0.935071	5
1723	procedure	-0.280929	0.380449	5
1724	programme	-0.276756	0.580135	5
1725	projectile	0.051319	-0.768478	5
1726	promenade	0.069358	0.096421	5
1727	pulley	0.234736	-0.454913	5
1728	punt	-0.116906	-0.244290	5
1729	ragged	-0.802197	-0.079316	5
1730	rats	0.961534	-0.370498	5
1731	razz	-0.565279	-0.626330	5
1732	regatta	0.487230	-0.659475	5
1733	resumes	-0.498205	-0.046117	5
1734	rides	0.234850	-0.399647	5
1735	rigged	-0.407736	-0.266466	5
1736	roadside	0.098149	-0.100195	5
1737	route	-0.136393	-0.013851	5
1738	routemaster	-0.103590	-0.088982	5
1739	sanctus	0.275309	-0.055207	5
1740	seoul	0.535123	0.614045	5
1741	shouting	-0.780355	-0.585668	5
1742	siegfried	0.598841	0.244782	5
1743	size	-0.697638	0.427182	5
1744	slope	-0.391010	-0.032459	5
1745	sonicpostcard	-0.408817	-0.314309	5
1746	speak	-0.840959	-0.119133	5
1747	speedboat	0.427381	-0.640743	5
1748	springer	0.521821	0.165350	5
1749	squeaker	-0.593322	-0.708660	5
1750	squeal	-0.702131	-0.667520	5
1751	standard	-0.588353	0.519895	5
1752	stereo	-0.637710	-0.270458	5
1753	swordfish	0.456718	-0.548257	5
1754	swords	0.248182	-0.727422	5
1755	tail	0.621009	-0.230660	5
1756	tangier	0.099938	-0.215721	5
1757	teacher	-0.228203	0.741264	5
1758	teenagers	-0.307880	0.968123	5
1759	television	-0.391120	0.110485	5
1760	torch	0.120232	-0.524966	5
1761	transmitter	-0.237917	0.139625	5
1762	ultimate	-0.595695	0.473703	5
1763	union	0.022847	0.435662	5
1764	unobtainable	-0.616881	0.304779	5
1765	urgent	-0.735426	0.217979	5
1766	usaaf	0.174366	0.681165	5
1767	utensils	0.234472	0.029728	5
1768	variable	-0.021109	-0.140884	5
1769	victorian	0.696141	0.587714	5
1770	violin	-0.512599	-0.448217	5
1771	volcanoes	0.064208	-0.757121	5
1772	wadham	0.751426	0.092330	5
1773	wail	0.582518	-0.293958	5
1774	waking	-0.943314	0.191010	5
1775	warehouse	0.090978	0.161867	5
1776	warsaw	0.728040	0.600970	5
1777	webb	0.012390	-0.223321	5
1778	wheatstone	0.296590	-0.159741	5
1779	whistling	-0.592369	-0.542930	5
1780	whittington	0.848758	0.245368	5
1781	wuhan	0.777776	0.703256	5
1782	youth	-0.245673	0.956519	5
1783	acetylene	0.337759	-0.324795	4
1784	addition	-0.521408	0.490157	4
1785	airdale	0.536795	-0.569254	4
1786	albans	0.795569	0.293319	4
1787	ambiance	-0.854331	-0.245712	4
1788	amharic	0.224683	0.295217	4
1789	amounts	-0.545757	0.431400	4
1790	amplifier	-0.463815	-0.392063	4
1791	aot'ao	0.220784	0.784465	4
1792	apollo	0.301322	-0.198287	4
1793	aquaria	0.134156	-0.566532	4
1794	aviary	0.865640	-0.466187	4
1795	axes	-0.186758	-0.029444	4
1796	badly	-0.824900	-0.174182	4
1797	baptist	0.397633	0.778850	4
1798	barman	0.287270	-0.000055	4
1799	basketball	0.152000	0.326632	4
1800	battersea	0.839830	0.141323	4
1801	behind	-0.518175	0.244148	4
1802	bench	0.085077	0.184055	4
1803	betting	-0.233890	-0.193990	4
1804	black	0.397518	0.341775	4
1805	blacksmith	0.286463	-0.105404	4
1806	blowers	-0.261197	-0.763908	4
1807	blowlamp	-0.043942	-0.578524	4
1808	bong	0.073815	-0.370956	4
1809	bookies	0.124201	0.318749	4
1810	boulders	0.067732	-0.487060	4
1811	branches	0.438267	-0.080518	4
1812	breaking	-0.406923	-0.490780	4
1813	bren	0.634388	0.232441	4
1814	broads	0.105102	0.216177	4
1815	buddhism	0.478181	0.542597	4
1816	buffet	0.378591	0.320424	4
1817	bullnose	0.757769	-0.294163	4
1818	bullring	0.688924	-0.328713	4
1819	calling	-0.425452	0.785355	4
1820	cameroon	0.854657	0.802493	4
1821	cameroun	-0.172408	0.165703	4
1822	canterbury	0.893582	0.466869	4
1823	cape	0.723391	-0.068028	4
1824	caps	-0.157658	-0.012542	4
1825	captain	0.029823	0.535265	4
1826	castilian	0.529967	0.750958	4
1827	catalan	0.507248	0.753212	4
1828	caterpillar	0.489938	-0.476144	4
1829	cavalry	0.508793	-0.603722	4
1830	celebration	-0.635715	0.350884	4
1831	ceremony	-0.613048	0.324132	4
1832	chad'aos	0.247523	0.857165	4
1833	chiming	0.323924	-0.371590	4
1834	chimney	0.123798	-0.445057	4
1835	christchurch	0.847365	0.455843	4
1836	churchyard	0.350539	0.579542	4
1837	clarinet	-0.532562	-0.453335	4
1838	classical	-0.567088	-0.271900	4
1839	cliff	-0.247303	-0.190213	4
1840	cloisters	0.473101	0.357255	4
1841	clong	0.580979	-0.259165	4
1842	coastal	0.647036	-0.225001	4
1843	cockerel	0.633985	-0.413719	4
1844	cocktail	0.306333	0.001004	4
1845	colony	0.539379	0.548412	4
1846	commentary	-0.609492	0.148136	4
1847	commer	-0.270014	-0.613547	4
1848	commuter	0.164063	-0.169356	4
1849	concrete	0.106794	-0.123684	4
1850	conf	0.134692	0.615986	4
1851	cooing	0.136534	-0.304468	4
1852	cork	0.628321	0.131363	4
1853	council	-0.229706	0.687135	4
1854	cries	-0.787513	-0.665141	4
1855	croydon	0.886384	0.305705	4
1856	customers	-0.037816	0.478711	4
1857	dartford	0.905362	0.159815	4
1858	de	0.691254	0.516930	4
1859	dean	-0.026265	-0.021945	4
1860	device	-0.067473	0.472317	4
1861	different	-0.675692	0.508160	4
1862	dinner	0.388171	0.196133	4
1863	dirt	-0.209475	-0.593507	4
1864	disk	0.063944	0.259218	4
1865	dismounts	-0.301972	0.033790	4
1866	dispute	-0.104228	-0.794844	4
1867	division	-0.437402	0.382736	4
1868	doctor-puigvert	-0.438519	0.074767	4
1869	doodlebug	-0.574083	-0.436972	4
1870	driving	0.121538	-0.171411	4
1871	duty	-0.096057	0.079246	4
1872	dynamo	0.601586	0.170002	4
1873	each	-0.642045	0.668780	4
1874	earth	0.607014	0.146530	4
1875	eastern	0.421975	0.579307	4
1876	entry	-0.308320	0.235233	4
1877	epsom	0.274568	0.177283	4
1878	eruption	-0.009308	-0.879563	4
1879	evangelist	0.220809	0.763305	4
1880	exhaust	0.139688	-0.514277	4
1881	expansion	-0.565073	0.331742	4
1882	explorer	-0.115696	-0.349479	4
1883	face	-0.241940	0.115712	4
1884	fairley	0.850248	0.087106	4
1885	farnborough	0.912078	0.239029	4
1886	feed	0.542757	-0.014482	4
1887	feral	0.749609	-0.477699	4
1888	filtered	-0.429580	-0.310360	4
1889	flood	0.267048	-0.518091	4
1890	flute	-0.504201	-0.467529	4
1891	foetal	-0.067256	0.916972	4
1892	folkston	0.636900	0.355278	4
1893	fork	0.207534	-0.022512	4
1894	fundacio-joan-miro	0.335673	0.626949	4
1895	futures	-0.478724	0.407732	4
1896	garage	0.258734	0.099456	4
1897	girders	-0.017516	-0.170627	4
1898	goosestep	0.343101	-0.578364	4
1899	gordon	0.432316	-0.185126	4
1900	grunts	-0.216662	-0.642390	4
1901	gurgles	-0.491217	-0.590628	4
1902	hail	-0.547913	-0.253467	4
1903	hammering	-0.080562	-0.576305	4
1904	hampton	0.770653	0.249907	4
1905	handset	-0.289742	0.912730	4
1906	harp	-0.436738	-0.404199	4
1907	harverster	-0.230350	-0.844823	4
1908	hawser	-0.296220	-0.803330	4
1909	height	-0.595412	0.231118	4
1910	henry	0.126003	0.806028	4
1911	hesh	0.462133	0.148659	4
1912	honda	0.349892	-0.346005	4
1913	hong	0.777252	0.764297	4
1914	hoopoe	0.531510	-0.265029	4
1915	horizontal	-0.535058	0.252995	4
1916	hotchkiss	0.403629	0.324827	4
1917	incline	-0.371060	-0.146480	4
1918	indoors-with	-0.084316	0.436933	4
1919	insurance	-0.335815	0.390210	4
1920	intercom	-0.257310	0.851212	4
1921	issue	-0.318847	0.443944	4
1922	jews	0.491725	0.817367	4
1923	junction	-0.203872	-0.032257	4
1924	kong	0.854079	-0.104040	4
1925	lantern	0.123058	-0.373677	4
1926	leather	0.026982	-0.093730	4
1927	letter	-0.350571	0.255559	4
1928	little	-0.623051	0.595028	4
1929	loading	-0.344410	0.037343	4
1930	lynx	0.675469	-0.531402	4
1931	machanism	0.488583	0.419922	4
1932	madumbalai	0.448695	0.444403	4
1933	magnum	0.142728	-0.763456	4
1934	maintenance	-0.285501	0.239924	4
1935	maker	-0.095198	0.243177	4
1936	mall	0.094712	0.271341	4
1937	mallard	-0.165256	-0.575145	4
1938	marble	0.224025	-0.168544	4
1939	margaret	0.082055	0.931023	4
1940	meat	0.624867	-0.063878	4
1941	memories	-0.411753	0.367100	4
1942	mess	-0.357459	-0.578940	4
1943	message	-0.469646	0.234733	4
1944	minesweeper	-0.136620	-0.384967	4
1945	minor	-0.460332	0.793299	4
1946	mississippi	0.586730	0.765992	4
1947	moon	0.230157	-0.234643	4
1948	moorland	0.726367	0.320778	4
1949	moos	0.217812	0.415691	4
1950	morris	0.762042	0.359865	4
1951	mosque	0.429530	0.708869	4
1952	mowing	0.281008	-0.165117	4
1953	murmur	-0.545133	-0.403639	4
1954	mytholmroyd	-0.331730	-0.390911	4
1955	nautical	0.606269	-0.644663	4
1956	navigator	0.087262	-0.367456	4
1957	nest	-0.150443	0.497483	4
1958	nickname	-0.656949	0.270474	4
1959	nigeria	0.858625	0.828830	4
1960	nigerian	0.823995	0.832933	4
1961	nonsense	-0.706777	-0.597381	4
1962	northern	0.619992	0.521522	4
1963	norway	0.801761	0.578789	4
1964	nuthatch	0.314503	-0.068280	4
1965	occas	0.215787	0.386672	4
1966	occasion	-0.641788	0.363252	4
1967	older	-0.499563	0.648712	4
1968	paddling	0.342008	-0.679375	4
1969	panic	-0.803977	-0.493336	4
1970	paraguay	0.935321	0.635870	4
1971	paravane	0.554021	-0.420588	4
1972	patient	-0.179035	0.584867	4
1973	patrol	-0.149816	-0.314979	4
1974	pecs	0.186832	0.189408	4
1975	penny	0.097083	0.226578	4
1976	pens	-0.153754	0.186524	4
1977	percussion	-0.541463	-0.380666	4
1978	perforator	-0.238526	-0.887425	4
1979	perpective	-0.559014	-0.035863	4
1980	personnel	-0.108904	0.659610	4
1981	pick	-0.364950	-0.235624	4
1982	pips	0.238830	-0.281912	4
1983	pneumatic	0.109686	-0.463008	4
1984	polar	0.563004	0.213840	4
1985	polite	-0.828459	-0.035198	4
1986	portobello	0.658461	-0.045345	4
1987	provincial	0.607986	0.574359	4
1988	puddles	-0.048479	-0.696204	4
1989	rapier	0.109225	-0.518706	4
1990	reaping	-0.391672	-0.294937	4
1991	receiving	-0.342909	0.171614	4
1992	regional	0.397753	0.632774	4
1993	response	-0.622529	0.046417	4
1994	retort	-0.742459	-0.527687	4
1995	reverb	-0.482079	-0.099865	4
1996	reverse	-0.549473	-0.039670	4
1997	rickshaws	0.210864	-0.233137	4
1998	righting	-0.636303	0.048959	4
1999	rnlb	-0.286840	0.122816	4
2000	rope	-0.043791	-0.333935	4
2001	rushing	-0.537314	-0.146342	4
2002	saanen	0.568826	0.326672	4
2003	safari	0.601294	0.279735	4
2004	santa-anna	0.357954	0.621207	4
2005	saturn	0.268890	-0.282506	4
2006	saucepan	0.168633	0.055456	4
2007	saunders	-0.038413	-0.332793	4
2008	sax	-0.530618	-0.493187	4
2009	scanner	-0.195295	-0.087916	4
2010	scimitar	-0.156821	-0.901916	4
2011	screeching	-0.637248	-0.721758	4
2012	sea	0.649376	-0.356236	4
2013	seam	-0.011128	-0.240501	4
2014	severe	-0.795691	-0.129709	4
2015	sewage	-0.238280	-0.650814	4
2016	shakespeare	-0.582344	-0.010525	4
2017	shilling	-0.682544	-0.716851	4
2018	shutdown	-0.708689	-0.288156	4
2019	sickle	0.526469	-0.349316	4
2020	skating	-0.149083	-0.119923	4
2021	skiers	0.230406	0.369626	4
2022	sking	0.143443	-0.330890	4
2023	slovak	0.668473	0.780954	4
2024	slowly	-0.819865	0.081625	4
2025	smoke	-0.129901	-0.831344	4
2026	snarling	-0.691431	-0.675401	4
2027	snoopy	-0.518864	-0.739392	4
2028	snorts	-0.386938	-0.523698	4
2029	solo	-0.476122	0.606864	4
2030	sons-de-barcelona	0.357191	0.868978	4
2031	spandau	0.477072	-0.054514	4
2032	steps	-0.319279	-0.015992	4
2033	stomach	0.194886	0.218058	4
2034	story	-0.258601	0.564397	4
2035	stove	0.234634	-0.085151	4
2036	suhanra	0.416704	0.512028	4
2037	sunbeam	0.301146	-0.293030	4
2038	surfacing	-0.178063	-0.411219	4
2039	surprise	-0.707990	-0.018837	4
2040	sussex	0.913139	0.408372	4
2041	swallow	-0.313239	-0.472571	4
2042	swan	0.529272	-0.491818	4
2043	sweep	-0.331314	-0.421243	4
2044	switched	-0.562824	0.028504	4
2045	tack	-0.142506	-0.336621	4
2046	terns	0.743802	0.325818	4
2047	tester	-0.322194	-0.817697	4
2048	thai	0.731767	0.774918	4
2049	thicket	0.245005	0.041163	4
2050	tired	-0.932978	0.160508	4
2051	tits	0.400039	0.013005	4
2052	toft	0.041113	0.027234	4
2053	tons	-0.749273	0.403311	4
2054	trackside	-0.058678	-0.085607	4
2055	traditional children's game	-0.291486	0.043665	4
2056	traditional korean music	-0.467539	0.281337	4
2057	trafalgar	0.665475	0.003771	4
2058	treadle	0.534547	-0.258164	4
2059	tremolo	-0.241670	0.867946	4
2060	trimphone	-0.318947	0.990275	4
2061	tube	0.283010	-0.406480	4
2062	turret	0.518429	-0.547097	4
2063	ultralite	0.226358	0.153519	4
2064	underwriting	-0.424799	0.311102	4
2065	versions	-0.362254	0.411694	4
2066	vodaphone	-0.277562	0.958591	4
2067	waitomo	-0.519319	0.052635	4
2068	warships	0.610482	-0.718803	4
2069	waterfowl	0.909193	-0.538663	4
2070	wellington	0.776826	0.427484	4
2071	whaddon	0.761367	0.046016	4
2072	whilst	-0.623969	0.336389	4
2073	whining	-0.757383	-0.697322	4
2074	2008	-0.339268	0.612103	3
2075	alice	0.047065	0.703777	3
2076	almex	0.304937	0.394522	3
2077	alongside	-0.587383	0.391242	3
2078	anne	-0.005656	0.903966	3
2079	appeal	-0.503960	0.060810	3
2080	asdic	0.101817	0.233883	3
2081	asharpmajor	-0.299886	-0.888511	3
2082	atmopshere	0.211557	0.144288	3
2083	ausiasmarch	0.477169	0.679096	3
2084	auxiliary	0.311150	-0.242016	3
2085	back	-0.490175	0.209427	3
2086	bagpipes	-0.098976	-0.483969	3
2087	bakerlite	0.370113	0.031565	3
2088	balcony	-0.020448	0.210968	3
2089	ballast	0.308757	-0.488125	3
2090	ballooning	-0.011725	-0.698732	3
2091	barceloneta	0.389418	0.226224	3
2092	basement	-0.133846	-0.101147	3
2093	basket	0.195203	0.079720	3
2094	batsman	0.073321	0.467263	3
2095	beans	0.601382	0.024491	3
2096	bear	0.785275	-0.094124	3
2097	beating	-0.135332	-0.785577	3
2098	beep	-0.524688	-0.534270	3
2099	beta	0.129454	-0.271831	3
2100	bins	0.174276	0.044918	3
2101	blades	0.145424	-0.628794	3
2102	blanket	-0.181599	-0.162031	3
2103	boleyn	0.739540	0.189965	3
2104	bone	0.081717	-0.216720	3
2105	book	0.009152	0.423855	3
2106	botswana	0.901294	0.752041	3
2107	bottom	-0.296059	-0.083073	3
2108	bowes	0.471142	-0.498821	3
2109	bratislava	0.740164	0.603902	3
2110	breaker	-0.306756	-0.456263	3
2111	brook	0.772943	0.143616	3
2112	broom	-0.197221	-0.515689	3
2113	bulbuls	0.351560	-0.305472	3
2114	bullet	0.027270	-0.794828	3
2115	burners	-0.221461	-0.840615	3
2116	burps	-0.476168	-0.635552	3
2117	busker	-0.109330	-0.765258	3
2118	butcher	0.440451	-0.115681	3
2119	cable	-0.121196	-0.207912	3
2120	cacadors-de-sons	0.318194	0.798320	3
2121	cage	0.137059	0.110293	3
2122	cairn	0.592129	0.036477	3
2123	camp	0.256472	-0.522177	3
2124	canada	0.745620	0.798768	3
2125	canary	0.471085	-0.492618	3
2126	care	-0.237468	0.445957	3
2127	cargo	0.141302	-0.051470	3
2128	carillon	-0.572630	-0.437041	3
2129	carlisle	0.795862	0.376703	3
2130	carlson	0.641274	0.019886	3
2131	carpentry	0.121720	-0.056163	3
2132	carry	-0.182916	-0.364054	3
2133	cascading	-0.497983	-0.199126	3
2134	casting	-0.159151	0.282487	3
2135	castle	0.361617	-0.497494	3
2136	casualty	0.299375	-0.517519	3
2137	catering	0.242081	0.208664	3
2138	caters	0.222020	0.302712	3
2139	catherine	0.136127	0.801883	3
2140	cement	0.078959	-0.224559	3
2141	changchun	0.529472	0.422594	3
2142	chanting	-0.785991	-0.354518	3
2143	cheap	-0.757570	0.064705	3
2144	chewing	-0.271699	-0.453111	3
2145	chicks	0.847961	-0.316098	3
2146	chinks	0.706778	-0.306699	3
2147	chopper	0.060625	-0.488342	3
2148	churn	-0.231801	-0.380314	3
2149	cinema	-0.216969	0.328023	3
2150	clash	-0.012235	-0.902852	3
2151	clemen	0.586218	0.240674	3
2152	climbing	-0.254545	-0.294817	3
2153	clowns	-0.114909	-0.666373	3
2154	clunks	-0.123021	-0.611306	3
2155	cobra	0.555835	-0.272377	3
2156	cockatoos	0.821991	-0.487532	3
2157	coinage	-0.093669	0.241635	3
2158	coke	0.418258	-0.076262	3
2159	collator	-0.200612	-0.959152	3
2160	combat	0.183317	-0.981506	3
2161	conning	0.043815	-0.302900	3
2162	contact	-0.259205	0.523323	3
2163	container	0.227137	-0.097238	3
2164	convolution	-0.334536	-0.043435	3
2165	coot	0.144182	-0.418540	3
2166	cord	-0.011944	-0.285086	3
2167	corner	-0.260431	0.132591	3
2168	countdown	-0.660885	0.137496	3
2169	courtyard	0.092618	0.334514	3
2170	cracow	0.463779	-0.389923	3
2171	craft	0.014458	0.045092	3
2172	crescendo	-0.133517	-0.143607	3
2173	croupier	-0.373144	-0.752205	3
2174	cups	0.333382	0.088026	3
2175	curlew	-0.299911	-0.586882	3
2176	dakota	0.843180	0.002529	3
2177	dannevirke	0.440695	-0.230192	3
2178	dargaville	0.602888	0.456831	3
2179	days	-0.900258	0.357688	3
2180	delhi	0.628005	0.543945	3
2181	delivery	-0.195701	0.294399	3
2182	desert	0.586282	-0.068267	3
2183	diamond	0.230009	-0.031502	3
2184	digger	-0.110345	-0.413449	3
2185	ding-dong	-0.604790	-0.556888	3
2186	dinorwic	0.272515	-0.047183	3
2187	disembark	-0.167194	-0.055033	3
2188	display	-0.280532	0.319148	3
2189	district	0.031184	0.553681	3
2190	doberman	0.998734	-0.287763	3
2191	dock	0.446169	-0.145535	3
2192	documents	-0.180589	0.430038	3
2193	dodgem	-0.136005	-0.387004	3
2194	dragon	0.832347	-0.301915	3
2195	drawbridge	-0.167659	-0.002986	3
2196	dressmaking	-0.058713	0.129997	3
2197	drinking	0.416740	0.043445	3
2198	duplicator	-0.285785	-0.948183	3
2199	earls	0.257746	-0.188046	3
2200	eerie	-0.811793	-0.332391	3
2201	excitement	-0.797474	-0.247518	3
2202	exercise	-0.360121	-0.044880	3
2203	experimental	-0.421143	0.361350	3
2204	explodes	-0.024339	-0.985577	3
2205	express	-0.002730	0.057664	3
2206	fare	0.129915	0.044980	3
2207	farmstead	0.676843	0.157578	3
2208	faster	-0.689263	0.053652	3
2209	file	-0.136247	0.286234	3
2210	filter	-0.392654	-0.235696	3
2211	firing	-0.066412	-0.890282	3
2212	fleet	0.541871	-0.650754	3
2213	flightdeck	0.448111	-0.870180	3
2214	flintlock	0.003331	-0.472022	3
2215	forecourt	-0.010459	0.370990	3
2216	forward	-0.556679	0.239699	3
2217	freedom	-0.558954	0.105615	3
2218	funfair	-0.647929	-0.530053	3
2219	galloping	0.231637	-0.658037	3
2220	gearsticks	-0.013885	-0.346345	3
2221	gently	-0.867382	0.000851	3
2222	gibberish	-0.752679	-0.658272	3
2223	glacier	0.668286	0.393516	3
2224	glassware	0.216685	0.048471	3
2225	glider	0.278532	-0.706517	3
2226	goldcrest	0.221880	0.132691	3
2227	goldfinch	0.256438	0.065757	3
2228	grace	-0.649725	-0.041213	3
2229	grasshoppers	0.790330	-0.508674	3
2230	grey	0.396554	0.405222	3
2231	guillotine	0.431972	-0.067395	3
2232	gyro	0.000415	-0.251274	3
2233	h1	0.409412	0.448603	3
2234	h4n	0.509148	0.437204	3
2235	hacksaw	0.351781	-0.430973	3
2236	halmatic	0.068319	-0.313760	3
2237	hamburger	0.570221	0.136567	3
2238	hampshire	0.936272	0.442759	3
2239	handbrake	-0.234565	-0.452000	3
2240	handclaps	-0.136222	-0.440887	3
2241	hangar	0.555695	-0.794962	3
2242	harrods	0.613534	-0.273592	3
2243	hatchback	0.205444	-0.260496	3
2244	haul	0.034067	-0.102941	3
2245	hear	-0.708816	-0.164075	3
2246	heil	0.361065	0.260194	3
2247	hercules	0.556503	-0.475647	3
2248	herd	0.729526	-0.210040	3
2249	hits	-0.463831	-0.127950	3
2250	holiday	-0.717273	0.491918	3
2251	hook	-0.208550	-0.397313	3
2252	hooves	0.815350	-0.341083	3
2253	hornsey	0.590862	-0.384015	3
2254	housemartins	0.167233	0.361653	3
2255	hurricane	0.302551	-0.680842	3
2256	hydro	0.200343	-0.537295	3
2257	hydrofoil	0.216282	-0.739777	3
2258	idioma	-0.717787	0.032781	3
2259	impatient	-0.700879	-0.015680	3
2260	intercultural	0.546129	0.912543	3
2261	inverse	-0.494044	-0.055073	3
2262	isuzu	0.279384	0.381571	3
2263	jetfoil	0.312222	-0.831408	3
2264	john'aos	0.199624	0.812381	3
2265	june	-0.853676	0.503584	3
2266	juveniles	-0.240188	0.946310	3
2267	kapiti	0.387967	0.430709	3
2268	keys	-0.216935	-0.035203	3
2269	knocks	-0.381082	-0.527848	3
2270	kummuit	-0.568860	0.203132	3
2271	lamp	0.106767	-0.316597	3
2272	lark	-0.931997	0.245245	3
2273	laser	0.188478	-0.247488	3
2274	latch	-0.299212	-0.276567	3
2275	laugh	-0.816350	-0.546883	3
2276	lava	0.069227	-0.796543	3
2277	legs	-0.014744	0.010256	3
2278	lemons	0.730111	-0.082291	3
2279	lesson	-0.302385	0.587692	3
2280	lighting	0.128148	-0.315292	3
2281	liner	-0.018507	-0.088109	3
2282	lobby	0.011344	0.264729	3
2283	loch	0.704168	0.022616	3
2284	mail	-0.280149	0.294177	3
2285	making	-0.131492	0.197831	3
2286	mallet	0.302924	0.087386	3
2287	mama	0.001619	0.873893	3
2288	manly	0.107855	0.735952	3
2289	marker	-0.258733	0.287428	3
2290	marsh	0.408641	-0.466669	3
2291	martinhorn	0.357630	-0.416359	3
2292	mashine	0.318904	-0.033001	3
2293	massage	-0.701804	-0.155502	3
2294	massey	0.518866	0.230439	3
2295	maunsell	-0.336518	-0.500435	3
2296	mediaeval	-0.568369	0.087965	3
2297	members	-0.125255	0.688853	3
2298	merely	-0.754585	0.385403	3
2299	mersey	0.957865	0.310683	3
2300	meteor	0.259605	-0.582915	3
2301	microwave	0.153332	0.038720	3
2302	missile	0.119447	-0.724478	3
2303	mistle	0.506478	-0.353530	3
2304	molten	-0.036528	-0.532970	3
2305	mongrel	0.568345	-0.177303	3
2306	motorola	-0.297736	0.912623	3
2307	mouth	-0.335296	-0.359471	3
2308	mtg	-0.211037	-0.263175	3
2309	mule	0.414775	-0.434318	3
2310	mysound	-0.457004	-0.159288	3
2311	nadu	0.583281	0.638032	3
2312	neighing	0.312416	-0.542063	3
2313	neighs	0.775410	-0.446422	3
2314	neon	0.306062	0.339342	3
2315	nord	0.652330	0.414210	3
2316	norwich	0.938756	0.357050	3
2317	nubian	0.230021	-0.196342	3
2318	nuts	0.544819	-0.022856	3
2319	oaks	0.767247	-0.068584	3
2320	object	-0.019694	0.470354	3
2321	only	-0.743749	0.453774	3
2322	opener	-0.348689	0.253838	3
2323	operated	-0.231203	0.419294	3
2324	opposite	-0.629996	0.021346	3
2325	oranges	0.756959	-0.046763	3
2326	organ	-0.114788	0.305194	3
2327	orleans	0.745579	0.371188	3
2328	oslo	0.789892	0.487129	3
2329	outer	-0.360075	0.325579	3
2330	outpatients	-0.092884	0.675175	3
2331	oven	0.312359	-0.021009	3
2332	overlocking	-0.585942	-0.203251	3
2333	owls	0.926123	-0.378187	3
2334	pansori	0.347435	0.412470	3
2335	particle	0.143361	-0.255609	3
2336	paytone	0.474936	-0.182071	3
2337	peasant	0.426283	-0.065265	3
2338	pebbles	0.074637	-0.414551	3
2339	philip	0.162991	0.888204	3
2340	photo	-0.212752	0.533011	3
2341	photography	-0.258933	0.209385	3
2342	piazza	0.121006	0.259234	3
2343	pier	0.543158	-0.236847	3
2344	pinschers	0.014283	-0.451416	3
2345	pint	0.373797	0.080023	3
2346	pintable	0.199215	0.031192	3
2347	pitney	0.571042	-0.356761	3
2348	plank	0.211004	-0.038695	3
2349	portsmouth	0.874412	0.378537	3
2350	potato	0.458173	-0.105043	3
2351	practice	-0.404270	0.177448	3
2352	preparation	-0.373977	0.292313	3
2353	pressers	-0.399436	-0.677216	3
2354	prinknash	0.539922	0.221455	3
2355	prix	-0.095713	0.030164	3
2356	project	-0.199804	0.521807	3
2357	prominent	-0.680297	0.455289	3
2358	pudge	0.598382	-0.280870	3
2359	pull	-0.258002	-0.412719	3
2360	pulsations	-0.545309	-0.299681	3
2361	pumped	0.000702	-0.551042	3
2362	punjabi	0.588530	0.783324	3
2363	quartet	-0.519373	0.682279	3
2364	quay	0.628579	-0.106498	3
2365	radar	-0.364599	-0.263013	3
2366	rally	-0.712456	-0.095901	3
2367	ramblas	0.102612	-0.750564	3
2368	rand	0.163514	-0.190675	3
2369	raspberry	0.546821	-0.029282	3
2370	raucous	-0.683339	-0.676288	3
2371	reenactment	-0.523219	-0.153984	3
2372	refuse	-0.474602	-0.559458	3
2373	reindeer	0.871225	-0.185185	3
2374	reischwald	0.335857	0.109899	3
2375	removed	-0.508126	-0.245562	3
2376	restless	-0.904904	0.019434	3
2377	resturant	-0.592864	-0.069038	3
2378	retriever	-0.195602	-0.822756	3
2379	revolution	-0.531440	0.029728	3
2380	revving	-0.466955	-0.076599	3
2381	rhythmic	-0.519730	-0.282793	3
2382	riding	0.233224	-0.430449	3
2383	robot	0.244659	-0.001780	3
2384	robotic	0.248182	-0.120577	3
2385	ruston	0.660651	-0.210191	3
2386	sail	0.501072	-0.701340	3
2387	saints	0.388035	0.720254	3
2388	sanctuary	0.171287	0.438248	3
2389	sants	0.260961	0.530781	3
2390	sash	-0.028554	-0.243656	3
2391	screen	-0.163286	0.188735	3
2392	scrub	-0.323174	-0.511356	3
2393	sealion	-0.000297	-0.282505	3
2394	seat	0.036083	0.150764	3
2395	secs	0.222735	0.463182	3
2396	section	-0.189656	0.515739	3
2397	serious	-0.764681	0.217640	3
2398	setter	-0.316038	-0.851462	3
2399	setting	-0.340527	0.022881	3
2400	shaft	0.066140	-0.435231	3
2401	shimmer	0.101431	-0.425368	3
2402	ships'ao	0.188520	0.730242	3
2403	sideways	-0.595734	0.164267	3
2404	sieg	0.299118	0.225329	3
2405	silence	-0.805817	-0.353024	3
2406	silent	-0.848242	-0.347175	3
2407	simon	0.073952	0.598835	3
2408	sisters	-0.019132	0.901790	3
2409	skidoos	0.316204	0.291751	3
2410	snarls	-0.586998	-0.708325	3
2411	snorting	-0.385490	-0.478144	3
2412	soccer	0.107627	0.473476	3
2413	solid	-0.783123	0.173377	3
2414	sonicsnaps	-0.320275	-0.485816	3
2415	sonsurbansnatura	0.308913	0.796447	3
2416	sony	-0.110845	0.463370	3
2417	sorter	-0.296066	-0.723590	3
2418	sovereign	-0.093303	-0.275055	3
2419	spade	-0.107895	-0.285199	3
2420	speaking	-0.842887	-0.017168	3
2421	splashing	0.024637	-0.616247	3
2422	squadrons	0.504080	-0.906991	3
2423	staff	-0.116507	0.703145	3
2424	stagecoach	0.267050	-0.208840	3
2425	stallholders	-0.197340	-0.591126	3
2426	storage	-0.036439	0.294256	3
2427	straight	-0.648094	0.136749	3
2428	strand	-0.016762	-0.187762	3
2429	strap	-0.063865	-0.299215	3
2430	strip	-0.199530	-0.390299	3
2431	stromberg	0.534032	0.028681	3
2432	stubble	-0.151448	-0.604848	3
2433	subroto-roy-chowdhury	0.145846	0.343789	3
2434	suburb	0.383646	0.521146	3
2435	suction	-0.221436	-0.571516	3
2436	sugar	0.504921	-0.021951	3
2437	sunset	-0.992665	0.326033	3
2438	swannee	0.631070	-0.356291	3
2439	switchboard	0.373058	-0.751820	3
2440	symphony	-0.601990	-0.303927	3
2441	tamil	0.638384	0.744907	3
2442	tattoo	-0.186147	0.174117	3
2443	teat	0.489702	0.055973	3
2444	tecnical	-0.127188	0.508316	3
2445	teddy	0.661108	-0.117505	3
2446	telecom	-0.333192	0.842740	3
2447	telex	-0.323278	0.864367	3
2448	tenon	0.683360	-0.209099	3
2449	terrace	-0.231456	0.056096	3
2450	tommy	0.132113	0.792986	3
2451	tote	0.040071	0.082835	3
2452	touchdown	-0.098313	-0.109665	3
2453	trampolining	-0.038872	-0.511386	3
2454	transformer	-0.183525	-0.558312	3
2455	transmitting	-0.345978	0.152993	3
2456	transportation	0.137306	-0.144124	3
2457	trap	-0.236975	-0.329536	3
2458	trawl	0.431022	-0.465202	3
2459	trench	-0.087301	-0.104594	3
2460	tricity	0.409221	0.597991	3
2461	trimmers	-0.218980	-0.757735	3
2462	trumpet	-0.529869	-0.502851	3
2463	turbo	0.130405	-0.569156	3
2464	twickenham	0.867989	0.309949	3
2465	unidentified	-0.277143	0.459405	3
2466	unloading	-0.423211	-0.175119	3
2467	upf-cs14	0.042529	0.659396	3
2468	uphill	-0.284390	-0.036017	3
2469	urban life	0.323699	0.587434	3
2470	urbban	0.574647	0.256596	3
2471	valley	0.654254	0.171213	3
2472	venados	0.282379	0.439463	3
2473	venice	0.664734	0.459768	3
2474	vibrates	-0.571437	-0.461762	3
2475	volley	0.007039	-0.273449	3
2476	wallphone	-0.312099	0.950995	3
2477	warden	0.252214	-0.463854	3
2478	wares	0.152293	0.073717	3
2479	waterloo	0.777480	0.510139	3
2480	welding	0.057673	0.132772	3
2481	well	-0.798136	0.414936	3
2482	welsh	0.661905	0.712806	3
2483	wharf	0.727198	-0.045445	3
2484	wheeler	0.095136	-0.371793	3
2485	whiplashes	-0.247196	-0.675175	3
2486	whips	-0.079833	-0.607458	3
2487	whitethroat	-0.393474	-0.081269	3
2488	wigeon	0.726387	-0.286540	3
2489	windscreen	0.227220	-0.524616	3
2490	windy	0.129083	-0.579207	3
2491	wolfhound	0.871554	-0.154284	3
2492	woodpecker	0.858320	-0.399938	3
2493	woodworking	0.176020	-0.010964	3
2494	workbench	0.081418	0.105810	3
2495	zaire	0.865134	0.778093	3
2496	6th-grade	-0.388798	0.786945	2
2497	a	0.095955	0.617564	2
2498	aahs	0.231735	0.759722	2
2499	abusive	-0.688381	-0.604716	2
2500	acceleration	-0.259916	-0.252056	2
2501	accent	0.576901	0.931238	2
2502	acid	0.219373	-0.107996	2
2503	additi	-0.376116	0.481038	2
2504	advance	-0.577118	0.211147	2
2505	agitated	-0.765766	-0.553102	2
2506	agitator	-0.268027	-0.938290	2
2507	agua	0.683203	0.013143	2
2508	airship	0.403005	-0.681653	2
2509	airspeed	-0.379559	-0.312616	2
2510	aldis	0.284868	0.435431	2
2511	alegre	0.643609	0.083167	2
2512	alesund	0.707127	0.207156	2
2513	alexandra	0.232068	0.674079	2
2514	alexandria	0.705042	0.590540	2
2515	alien	0.250181	0.243468	2
2516	alloy	0.249305	0.173758	2
2517	alto	-0.384614	-0.474932	2
2518	ambulence	-0.634741	-0.358179	2
2519	amosphere	0.214624	-0.151578	2
2520	angel	0.355317	0.486146	2
2521	angelus	0.444084	0.335835	2
2522	anglo-french	0.668921	0.845441	2
2523	annapurna	0.417162	0.480418	2
2524	anthem	-0.479163	-0.281043	2
2525	apartment	0.021432	0.320695	2
2526	apparition	-0.706325	-0.000842	2
2527	apple	0.552657	0.140819	2
2528	approaching	-0.425361	0.119633	2
2529	apron	0.091805	0.050299	2
2530	arch	0.065503	-0.142460	2
2531	arena	0.027013	0.293839	2
2532	armored	0.331889	-0.632732	2
2533	armour	0.368067	-0.574301	2
2534	arnhem	0.637974	0.390785	2
2535	arrives	-0.357125	0.266069	2
2536	artic	0.094714	0.164680	2
2537	artist	-0.286855	0.265242	2
2538	artistic	-0.266103	0.256637	2
2539	asian	0.698521	0.816954	2
2540	attendant	0.060562	0.212301	2
2541	auction	-0.157082	0.386480	2
2542	audover'au	0.293388	0.700536	2
2543	authentic	-0.530328	0.484217	2
2544	avion	0.495531	0.244037	2
2545	azure	0.106835	0.156728	2
2546	backed	-0.470457	0.028446	2
2547	backhanders	-0.186379	-0.571681	2
2548	bahn	0.227395	0.106321	2
2549	baker	0.431413	0.092094	2
2550	bakerloo	0.485410	0.013444	2
2551	barage	0.414832	-0.074606	2
2552	barcelonaconfinementsoundscape	0.370068	0.734042	2
2553	bartholomew	0.396664	0.472305	2
2554	basilica	0.284328	0.597793	2
2555	bassett	0.175353	-0.531057	2
2556	batter	0.103576	-0.094555	2
2557	bazaar	0.054881	0.372436	2
2558	beacons	-0.300344	-0.284699	2
2559	bead	0.306479	-0.376252	2
2560	bearings	-0.034090	-0.362430	2
2561	beirut	0.775983	0.513659	2
2562	belgian	0.728254	0.637661	2
2563	bellows	0.680864	-0.308000	2
2564	benares	0.445501	-0.045061	2
2565	bentley	0.799136	0.237126	2
2566	berimbau	0.331065	0.380409	2
2567	berlin	0.656327	0.551953	2
2568	beside	-0.497471	0.330048	2
2569	bess	0.231654	0.407250	2
2570	bessa	0.247052	0.435091	2
2571	beverages	0.431991	0.072044	2
2572	blackcap	0.187115	0.152788	2
2573	blanks	0.123478	0.028337	2
2574	bleats	0.442008	-0.015766	2
2575	bluebottle	0.188670	0.091821	2
2576	bo'sun	-0.975632	0.276612	2
2577	boarding	0.488877	-0.743182	2
2578	boars	0.897688	-0.267640	2
2579	boatyard	0.506496	-0.602611	2
2580	booing	-0.621563	-0.660522	2
2581	booking	-0.178110	0.382356	2
2582	borghese	0.460547	0.216115	2
2583	bournemouth	0.880957	0.251719	2
2584	boxer	0.134199	-0.797080	2
2585	brawl	-0.011898	-0.876005	2
2586	bremerhaven	0.578249	0.307967	2
2587	brew	0.404372	0.086510	2
2588	brickworks	0.041648	-0.019792	2
2589	bristle	-0.220456	-0.519146	2
2590	brown	0.435086	0.278381	2
2591	bruford	0.478967	0.300385	2
2592	buddhist	0.528134	0.528746	2
2593	buddhist chanting	-0.760267	-0.326302	2
2594	bulb	0.199000	-0.361144	2
2595	bulk	-0.645733	0.364425	2
2596	bulkhead	0.008333	0.089927	2
2597	bulldog	0.798077	-0.181489	2
2598	bump	-0.458381	-0.337693	2
2599	bunting	0.497823	-0.148383	2
2600	burgett	0.627675	-0.063586	2
2601	burglar	-0.211786	0.024295	2
2602	burning	-0.073413	-0.911125	2
2603	butcher'aos	0.244617	0.671297	2
2604	butterfly	0.523673	-0.550865	2
2605	buttoner	-0.343629	-0.718144	2
2606	buzzard	-0.342769	-0.625225	2
2607	cacerolada	0.340344	0.296444	2
2608	caixaforum	0.438316	0.196639	2
2609	calculation	-0.539815	0.443388	2
2610	calcutta	0.745401	0.439778	2
2611	californian	0.670026	0.808266	2
2612	callbox	-0.365830	0.771366	2
2613	cambodia	0.832549	0.594508	2
2614	camel	0.829924	-0.187995	2
2615	can	-0.558974	0.410400	2
2616	canopy	0.110164	-0.084441	2
2617	canvas	-0.073918	0.198653	2
2618	carcass	0.704413	-0.100427	2
2619	card	-0.096036	0.149917	2
2620	caribbean	0.770162	0.394805	2
2621	casa-asia	0.415172	0.677973	2
2622	cashiers	0.058865	0.365188	2
2623	catherdral	0.499315	-0.215993	2
2624	cedar	0.626320	-0.062149	2
2625	cesky	0.537371	0.651482	2
2626	chairlift	-0.207503	-0.114257	2
2627	chart	-0.258996	0.283438	2
2628	chasing	-0.415181	-0.179601	2
2629	chattering	-0.671012	-0.426495	2
2630	chatting	-0.925369	-0.068150	2
2631	chelsea	0.845188	0.393910	2
2632	chest	0.151667	-0.013828	2
2633	chino	0.567145	-0.115901	2
2634	chocolate	0.579672	0.065745	2
2635	chop	-0.226252	-0.429879	2
2636	christ'aos	0.224624	0.867665	2
2637	chuchyard	-0.335499	-0.582216	2
2638	churchill	0.823542	0.572608	2
2639	civil	-0.163132	-0.405389	2
2640	clanks	0.624745	-0.314010	2
2641	clean	-0.376224	-0.557715	2
2642	cleaning	-0.342809	-0.546901	2
2643	climbers	-0.252851	-0.602353	2
2644	cliza	0.468244	0.042373	2
2645	closed	-0.628079	-0.145146	2
2646	clot	0.062890	-0.530017	2
2647	clothes	-0.066215	-0.016384	2
2648	cluster	0.076446	0.645819	2
2649	cnatural	-0.005784	0.492741	2
2650	cocoa	0.624716	0.103156	2
2651	coinbox	-0.039285	0.291936	2
2652	cologne	0.570290	0.284065	2
2653	colombia	0.905240	0.616768	2
2654	colonial korea	0.574618	0.730840	2
2655	colt	0.244949	-0.752041	2
2656	compactor	-0.280429	-0.870499	2
2657	companion	0.376603	-0.216409	2
2658	competition	-0.312652	0.130458	2
2659	component	-0.040121	0.312128	2
2660	composition	-0.472420	-0.008855	2
2661	conditioning	-0.474635	0.071582	2
2662	confinedraval	-0.359736	-0.115655	2
2663	contest	-0.360986	0.191428	2
2664	contour	-0.064679	-0.088153	2
2665	convertible	0.277911	-0.336113	2
2666	cook	0.351325	0.086572	2
2667	cookhouse	0.274267	0.072092	2
2668	cooper	0.327293	-0.128801	2
2669	copier	-0.125286	0.213717	2
2670	copytype	-0.348906	0.326380	2
2671	cosmopolitan	-0.322178	0.661437	2
2672	cotorra	0.818570	0.089269	2
2673	cotton	-0.026960	-0.154534	2
2674	cover	-0.206886	0.152917	2
2675	covid19	-0.151864	0.634485	2
2676	cowbells	0.700193	-0.155868	2
2677	creaking	-0.667945	-0.679490	2
2678	cremation ritual	-0.635471	0.160145	2
2679	crossroads	-0.310439	-0.014504	2
2680	cruft'aos	0.173970	0.751585	2
2681	crufts	-0.184980	-0.685763	2
2682	crypt	-0.074284	0.156851	2
2683	culvert	0.169645	-0.531457	2
2684	curiosity	-0.514743	0.165066	2
2685	custom	-0.411323	0.531889	2
2686	cuthbert	0.779094	0.439757	2
2687	cyclical	-0.555178	-0.015955	2
2688	dachshund	0.940290	-0.248257	2
2689	daffodils	0.752565	-0.254977	2
2690	dancer	-0.172629	0.082954	2
2691	dash	0.165309	-0.172671	2
2692	daylight	-0.980089	0.258339	2
2693	decameron	-0.414627	-0.668574	2
2694	decker	-0.010470	-0.287522	2
2695	deerhound	0.892119	-0.230102	2
2696	degree	-0.155791	0.761265	2
2697	demostration	-0.458519	-0.190172	2
2698	derisive	-0.500500	0.106222	2
2699	detector	-0.356624	-0.118827	2
2700	dickson	0.769214	0.417273	2
2701	digging	-0.053808	-0.372031	2
2702	dinghy,sails	0.521559	-0.688284	2
2703	dispersal	-0.187168	-0.336073	2
2704	distillation	0.333126	-0.110524	2
2705	distortion	-0.643365	-0.532683	2
2706	diver	0.112132	-0.641051	2
2707	dolly	0.386935	-0.189795	2
2708	domino	0.014080	-0.055936	2
2709	doorbell	-0.381275	-0.042507	2
2710	doppler	-0.465627	-0.284029	2
2711	doublewidth	-0.709324	0.581752	2
2712	double√c¬	-0.665891	0.664446	2
2713	douglas	0.764411	0.405308	2
2714	downland	0.711803	0.367934	2
2715	downtown	0.426411	0.604594	2
2716	dozen	-0.683009	0.744259	2
2717	draper	0.012165	-0.443868	2
2718	draws	-0.275481	0.089729	2
2719	driven	0.203387	-0.316114	2
2720	droning	-0.437719	-0.468489	2
2721	dust	-0.202922	-0.603224	2
2722	easy	-0.698622	0.144580	2
2723	eaters	0.569674	-0.010428	2
2724	eiffel	0.591774	0.203974	2
2725	el	0.422858	0.542376	2
2726	electic	-0.171820	-0.230097	2
2727	electricity	-0.105436	-0.348485	2
2728	elizabeth	0.204132	0.917542	2
2729	elizabethan	0.378100	0.883551	2
2730	enamel	0.192449	-0.005499	2
2731	encampment	0.273212	-0.532255	2
2732	encore	-0.584855	0.548867	2
2733	engine,tick	0.042862	-0.435215	2
2734	ericsson	-0.253305	0.837690	2
2735	ering	0.287766	-0.313211	2
2736	erith	0.438894	0.352892	2
2737	espresso	0.378667	0.091993	2
2738	estuary	0.489768	-0.429902	2
2739	excited	-0.915827	-0.198313	2
2740	exmoor	0.788289	0.185696	2
2741	expolosion	-0.745896	-0.001187	2
2742	extinguisher	-0.027881	-0.947331	2
2743	extrusion	-0.056016	-0.267345	2
2744	eyes	-0.198400	-0.004065	2
2745	fagin	0.281709	0.429744	2
2746	fairchild	0.397289	-0.161151	2
2747	falcon	0.473757	-0.678229	2
2748	farming	0.607535	0.078658	2
2749	father	0.081869	0.898817	2
2750	feeble	-0.675582	-0.541698	2
2751	feeding	0.629124	-0.047250	2
2752	fete	0.254124	0.207106	2
2753	ficcions	0.553374	-0.042182	2
2754	fidgets	-0.101202	0.035606	2
2755	fieldfare	0.039691	-0.044719	2
2756	fighting	0.050434	-0.937372	2
2757	finishers	-0.276892	-0.695371	2
2758	firefighting	-0.027535	-0.958960	2
2759	firewood	0.629500	-0.149706	2
2760	fiumicio	0.551361	0.672846	2
2761	fizzy	0.399760	-0.060916	2
2762	flail	0.400537	-0.430862	2
2763	flamingoes	0.881536	-0.494182	2
2764	flare	0.059562	-0.773352	2
2765	fleche	0.330459	-0.314626	2
2766	flippers	-0.276664	-0.649872	2
2767	flong	0.618449	-0.394167	2
2768	florida	0.643834	0.821819	2
2769	flower	0.413027	0.079538	2
2770	foal	0.668214	-0.380001	2
2771	foghorn	0.278749	-0.479885	2
2772	folder	-0.084218	0.201695	2
2773	fort	0.382251	-0.625074	2
2774	forum	-0.440371	0.331541	2
2775	freesound	-0.476281	-0.241472	2
2776	freewheeling	0.136036	-0.416056	2
2777	frequent	-0.819411	0.352095	2
2778	friction	-0.225424	-0.419198	2
2779	friends	-0.431292	0.506830	2
2780	fuel	0.093917	-0.342019	2
2781	fuente	-0.260067	0.232484	2
2782	furniture	0.079765	0.287020	2
2783	gambia	0.901085	0.780374	2
2784	gara	0.383054	0.475388	2
2785	gases	-0.131877	-0.430829	2
2786	gasthof	-0.107359	0.022165	2
2787	generation	-0.179180	0.832277	2
2788	geni	0.218917	0.627003	2
2789	gentry	0.182994	-0.112714	2
2790	gibson	0.467616	-0.042611	2
2791	gipsy	-0.587208	-0.603991	2
2792	girl)trying	-0.178696	0.786060	2
2793	gloster	-0.264608	-0.907594	2
2794	gmajor	-0.301941	-0.945489	2
2795	grader	-0.346556	-0.758548	2
2796	gravity	-0.180513	-0.176501	2
2797	greenfinch	0.230588	-0.028726	2
2798	greengrocers	-0.178270	-0.779666	2
2799	greenock	0.201511	-0.134362	2
2800	greenwich	0.723877	0.144238	2
2801	grill	0.448404	0.166474	2
2802	gulf	0.691266	-0.236514	2
2803	gunshot	0.075408	-0.840688	2
2804	guzzling	-0.579808	-0.571191	2
2805	halliards	0.007879	-0.441551	2
2806	handbell	-0.118072	-0.371423	2
2807	happy	-0.952655	-0.180865	2
2808	hare	0.702210	-0.175682	2
2809	harry	0.179230	0.900000	2
2810	heard	-0.713417	-0.219198	2
2811	heater	-0.197464	-0.737645	2
2812	heather	0.429491	0.233673	2
2813	hedgecutter	-0.138021	-0.783188	2
2814	heidleburg	0.575461	0.288965	2
2815	hellcat	0.693841	-0.498105	2
2816	helsinki	0.761786	0.587105	2
2817	here	-0.404930	0.553737	2
2818	hickstead	0.832580	0.267541	2
2819	highland	0.692868	0.188441	2
2820	himalayas	0.721745	0.470912	2
2821	hindustani	0.484867	0.820779	2
2822	hindustani-music	0.429755	0.849543	2
2823	history	-0.383727	0.573640	2
2824	hoist	0.295515	-0.474137	2
2825	holder	-0.176181	0.046476	2
2826	holer	-0.252534	-0.910910	2
2827	holster	0.147790	-0.733122	2
2828	honk	-0.453053	-0.576985	2
2829	hooray	-0.975510	-0.137599	2
2830	hoot	0.169190	-0.573220	2
2831	hope	-0.718192	-0.044891	2
2832	horseguards	0.613255	-0.566214	2
2833	howling	-0.616958	-0.643862	2
2834	hughes	0.145819	-0.418785	2
2835	humor	-0.823922	-0.499421	2
2836	hunger	0.520790	0.011367	2
2837	hunter	-0.030426	-0.796375	2
2838	huntsman	-0.027188	-0.703569	2
2839	hurrahs	0.669540	-0.303460	2
2840	hyde	-0.049127	-0.297262	2
2841	idyll	0.509026	-0.283850	2
2842	ignites	-0.021818	-0.828173	2
2843	imperfect	-0.853030	-0.029222	2
2844	including	-0.531873	0.509738	2
2845	incomplete	-0.743729	0.264568	2
2846	ingersoil	0.533943	-0.291908	2
2847	injection	-0.285148	-0.443685	2
2848	inner	-0.248161	0.503074	2
2849	innings	0.080720	0.348732	2
2850	instructions	-0.289086	0.303911	2
2851	instrumento	-0.471885	-0.477130	2
2852	inter	0.257485	0.758209	2
2853	invaders	0.255591	-0.771583	2
2854	iona	0.682796	-0.009454	2
2855	ir	0.410951	0.251820	2
2856	irritable	-0.776979	-0.651401	2
2857	israel	0.702769	0.749791	2
2858	itself	-0.363209	0.597693	2
2859	jack	0.106895	0.812565	2
2860	jackpot	-0.220070	-0.153944	2
2861	japones	0.693194	-0.041937	2
2862	jays	0.856222	-0.206797	2
2863	jenny	0.085950	0.941549	2
2864	jesus	0.191689	0.856407	2
2865	jetranger	0.201415	-0.863750	2
2866	jockeys	0.732213	-0.455852	2
2867	joints	-0.075826	-0.069313	2
2868	josepserramarti	0.382246	0.648485	2
2869	jumble	-0.423278	-0.135270	2
2870	kadikoy	-0.479244	-0.756870	2
2871	kaikoura	0.607237	0.422851	2
2872	kick	-0.157244	-0.534897	2
2873	kill	-0.355892	-0.383021	2
2874	kirkwall	0.786295	0.269988	2
2875	kite	0.314917	-0.657647	2
2876	kittyhawk	0.566061	-0.649289	2
2877	kribi	0.424571	0.196692	2
2878	lapidary	-0.043163	-0.560829	2
2879	laps	-0.266345	-0.425569	2
2880	lassithi	0.479696	0.376446	2
2881	launcher	0.067386	-0.505004	2
2882	laying	-0.254627	-0.161737	2
2883	lecture-demonstration	-0.382796	0.537881	2
2884	lenguages	0.549353	0.917197	2
2885	letterpress	-0.205245	0.207594	2
2886	liceu	0.375051	0.331667	2
2887	loewy	-0.418850	-0.702747	2
2888	loft	0.014522	0.182288	2
2889	longboat	0.501285	-0.716850	2
2890	longer	-0.746620	0.292688	2
2891	looby	-0.521256	-0.772449	2
2892	loop	-0.545042	-0.050789	2
2893	lopham	-0.379846	-0.613946	2
2894	lostwithiel	-0.530591	-0.050300	2
2895	louvre	0.531364	0.658512	2
2896	maas	0.165396	0.561666	2
2897	madurai	0.602931	0.530911	2
2898	magnus	0.599788	0.178170	2
2899	magpie	0.736933	-0.386327	2
2900	maniacal	-0.720397	-0.705075	2
2901	manner	-0.754287	-0.189714	2
2902	manoeuvring	0.051401	0.603488	2
2903	mans	0.012068	0.742222	2
2904	marathon	-0.453000	-0.214256	2
2905	mark'aos	0.164222	0.782230	2
2906	marked	-0.269754	0.329350	2
2907	maroon	0.420987	0.343005	2
2908	maropiu	0.438240	0.505798	2
2909	mars	0.420334	0.056624	2
2910	marshy	-0.492059	-0.731350	2
2911	mart	0.086683	0.223562	2
2912	martian	0.356319	0.003897	2
2913	masonry	0.116490	0.042013	2
2914	mast	0.224094	-0.358924	2
2915	matangi	0.379406	0.514233	2
2916	maternity	-0.023490	0.857815	2
2917	matrix	0.052230	0.522433	2
2918	mayakovskovo	0.429183	0.392426	2
2919	meadow	0.191250	0.073138	2
2920	mealtime	0.412778	0.204987	2
2921	medicine	-0.079767	0.601532	2
2922	mediterrania	0.186495	0.448990	2
2923	medium-range	-0.796841	0.365321	2
2924	meet	-0.427264	0.397716	2
2925	memoriasonora	0.042246	-0.306142	2
2926	men	-0.016193	0.732158	2
2927	merchants	0.069566	0.446697	2
2928	midnight	-0.997124	0.288806	2
2929	midships	0.641686	-0.718400	2
2930	mighty	-0.785927	0.168458	2
2931	millimetre	-0.678261	0.175578	2
2932	minature	0.345518	0.473290	2
2933	minders	-0.266726	-0.776475	2
2934	modernity	-0.461293	0.670278	2
2935	monkeys	0.958489	-0.256924	2
2936	mono	0.430548	0.218942	2
2937	monoplane	0.496571	-0.873740	2
2938	montseny	-0.251621	-0.678545	2
2939	moorhen	0.622244	0.206685	2
2940	morocco	0.803042	0.794334	2
2941	motorbikes	0.273179	-0.411590	2
2942	moving	-0.361610	-0.078057	2
2943	multi	-0.651701	0.700015	2
2944	multilith	-0.688831	0.663486	2
2945	musica	-0.603331	-0.244552	2
2946	musician	-0.548957	-0.301735	2
2947	mustang	0.653522	-0.208324	2
2948	mute	-0.832399	-0.416082	2
2949	muzzle	0.115408	-0.750031	2
2950	mynahs	0.712678	-0.141398	2
2951	n	0.458088	0.655237	2
2952	naivasha	0.491987	0.351022	2
2953	namibia	0.891143	0.722314	2
2954	nato	0.473994	-0.774634	2
2955	nave	-0.101973	0.204395	2
2956	nebelwerfer	0.201830	0.380299	2
2957	newgate	-0.128370	-0.323197	2
2958	newsagent	-0.550570	0.071283	2
2959	newsroom	-0.620216	0.076125	2
2960	niamey	-0.537147	-0.777851	2
2961	niger	0.858577	0.819403	2
2962	nine	-0.596436	0.802101	2
2963	noon	-0.908351	0.247687	2
2964	nose	-0.266779	-0.241382	2
2965	numerous	-0.722351	0.623861	2
2966	observation	-0.509461	0.245175	2
2967	occassional	-0.745256	0.049267	2
2968	odense	0.562058	0.235653	2
2969	olivetti	0.513395	0.790410	2
2970	oohs	-0.932058	-0.044761	2
2971	opapaka	0.562858	0.355479	2
2972	opened	-0.393132	0.263873	2
2973	opening	-0.394536	0.327068	2
2974	original	-0.496399	0.449059	2
2975	ostersund	0.863120	0.076129	2
2976	oval	-0.186197	0.002352	2
2977	over,rev	-0.512139	0.008339	2
2978	owzat	0.461358	-0.012130	2
2979	oxen	0.683116	0.274130	2
2980	pa	0.657301	0.610754	2
2981	pabx	0.325087	0.527968	2
2982	pads	0.134346	-0.177020	2
2983	pan	0.135946	0.065819	2
2984	paperman	-0.050571	0.261110	2
2985	parking	0.114226	0.184543	2
2986	paternoster	0.016612	0.951349	2
2987	path	-0.142373	0.067961	2
2988	pathological	-0.174925	0.253145	2
2989	pavilion	0.037116	0.351261	2
2990	penguins	0.894769	-0.445176	2
2991	peregrine	0.489714	-0.463295	2
2992	perigord	0.034232	-0.086264	2
2993	periscope	-0.339536	-0.006005	2
2994	persian	0.632414	0.825076	2
2995	perspex	0.105548	0.159407	2
2996	peterhead	0.102116	0.260277	2
2997	pfaff	0.180472	0.594720	2
2998	pharmacy	-0.034751	0.533749	2
2999	phasing	-0.565137	-0.179023	2
3000	philadelphia	0.614881	0.653212	2
3001	phonecard	-0.322338	0.902726	2
3002	photocopier	-0.107670	0.212847	2
3003	phrases	-0.831685	0.037912	2
3004	picking	-0.297402	-0.312497	2
3005	pigpen	0.839002	-0.381255	2
3006	ping	-0.110405	0.007250	2
3007	pioneer	-0.500921	0.638724	2
3008	pitched	0.031082	0.059350	2
3009	plateau	-0.460956	0.065185	2
3010	platelayers	-0.004472	-0.174855	2
3011	plattern	0.682529	0.269411	2
3012	playback	-0.469054	0.061846	2
3013	plymouth	0.842279	0.292110	2
3014	pods	0.402889	0.053811	2
3015	pontypridd	0.544043	0.681255	2
3016	portcullis	0.641224	-0.016180	2
3017	porto	0.722921	0.037259	2
3018	pot	0.352503	-0.017962	2
3019	potcher	0.147597	-0.386952	2
3020	pound	-0.348961	0.034376	2
3021	powder	0.312881	-0.118795	2
3022	practising	-0.406790	0.088227	2
3023	praxis	-0.340770	0.062798	2
3024	pray	-0.707859	-0.122301	2
3025	pre-decimal	-0.593324	0.492726	2
3026	predictor	-0.287461	-0.825875	2
3027	preflight	0.445776	-0.863360	2
3028	priest	0.347184	0.645887	2
3029	principal	-0.170927	0.799272	2
3030	prints	-0.159837	0.213636	2
3031	processor	0.030867	0.088638	2
3032	producer	-0.142003	0.369396	2
3033	production	-0.152771	0.379699	2
3034	puddings	0.620471	-0.044477	2
3035	pushkar	-0.539565	-0.177799	2
3036	putting	-0.208890	-0.196383	2
3037	pystyll	0.439588	-0.240908	2
3038	queue	-0.348320	0.139075	2
3039	radiophonic	-0.601589	-0.257472	2
3040	raindrops	-0.006421	-0.675315	2
3041	rate	-0.686300	0.375566	2
3042	raval	-0.584796	-0.515004	2
3043	reader	-0.426763	0.087411	2
3044	rear	-0.380889	0.121451	2
3045	recivers	-0.193963	0.080611	2
3046	recorder	-0.405559	0.167699	2
3047	redpolls	0.430784	-0.243612	2
3048	reece	0.644435	0.437165	2
3049	refectory	-0.506533	-0.131916	2
3050	referee	0.019175	0.565863	2
3051	religious	0.374871	0.758713	2
3052	relit	-0.536990	-0.197958	2
3053	remarks	-0.709690	0.105006	2
3054	remounts	-0.413909	-0.164268	2
3055	renfe	0.433938	-0.100478	2
3056	reptile	0.849728	-0.440988	2
3057	research	-0.235384	0.431444	2
3058	reserve	-0.150893	0.000608	2
3059	results	-0.433257	0.314173	2
3060	retirement	-0.444278	0.542182	2
3061	revs	-0.439670	-0.031306	2
3062	rhadn	0.527147	0.324701	2
3063	rhine	0.591052	0.430788	2
3064	rioting	-0.773038	-0.272981	2
3065	ripples	-0.122362	-0.685251	2
3066	rocky	0.169644	-0.604265	2
3067	romance	-0.326059	0.024140	2
3068	romanian	0.599759	0.775801	2
3069	romerome	0.211917	0.045222	2
3070	rookery	0.569994	-0.406662	2
3071	rose	0.216734	-0.013481	2
3072	rotoprint	0.300750	-0.136929	2
3073	rubbish	-0.450185	-0.653939	2
3074	rubble	-0.260365	-0.642943	2
3075	rudder	0.372900	-0.818047	2
3076	rude	-0.831585	-0.493725	2
3077	runners	-0.376661	-0.222226	2
3078	running,stop	-0.504102	-0.238470	2
3079	russia	0.757925	0.812505	2
3080	s	0.135899	0.618562	2
3081	saddle	0.512994	-0.330229	2
3082	safety	-0.503423	0.185479	2
3083	saigon	0.858857	0.623462	2
3084	sailboard	0.486282	-0.770609	2
3085	sale	-0.093123	0.405697	2
3086	samsung	-0.188296	0.673860	2
3087	sanding	-0.073925	-0.372449	2
3088	santa	0.225989	0.706881	2
3089	sausage	0.623182	0.041145	2
3090	scampers	-0.238653	-0.722485	2
3091	scania	0.309381	0.482095	2
3092	science	-0.074305	0.495663	2
3093	scouts	0.321028	-0.611359	2
3094	scrap	-0.301317	-0.548853	2
3095	scrape	-0.208912	-0.456580	2
3096	screech	-0.615319	-0.742176	2
3097	scuffle	-0.221476	-0.709322	2
3098	scythe	-0.046092	-0.742267	2
3099	seabirds	0.919769	-0.561144	2
3100	seamer	-0.240225	-0.825345	2
3101	searchlight	0.041274	-0.315104	2
3102	season	-0.825265	0.536230	2
3103	seismic	-0.274329	-0.330954	2
3104	selector	-0.351933	-0.205634	2
3105	semi	-0.682764	0.257738	2
3106	sergeant	0.341432	-0.662408	2
3107	sevenoaks	0.662814	-0.308472	2
3108	shaker	-0.308437	-0.786873	2
3109	shaver	-0.183414	-0.782460	2
3110	shear	-0.081721	-0.343056	2
3111	shelves	0.152465	0.205433	2
3112	shipyard	0.639464	-0.657171	2
3113	shouts	-0.749279	-0.562850	2
3114	shrike	0.447226	-0.379143	2
3115	shuffle	-0.525429	0.010460	2
3116	shutting	-0.739401	-0.312756	2
3117	sieve	0.258410	0.184880	2
3118	silencer	-0.788905	-0.491324	2
3119	simple	-0.749887	0.219710	2
3120	simpson	0.677368	0.027514	2
3121	sinister	-0.786769	-0.392363	2
3122	siphon	-0.009520	-0.632270	2
3123	sixteenth	-0.482118	0.856460	2
3124	skate	-0.139054	-0.211593	2
3125	slab	0.034197	-0.171706	2
3126	sledge	-0.042445	-0.589795	2
3127	slipway	-0.236781	-0.240032	2
3128	slower	-0.777569	0.071437	2
3129	slurry	-0.177094	-0.604834	2
3130	snorkel	0.043955	-0.757774	2
3131	snuffles	-0.354869	-0.616394	2
3132	social anxiety	-0.804836	-0.433555	2
3133	soda	0.432127	-0.075897	2
3134	sole	-0.046488	-0.113468	2
3135	some	-0.669651	0.625898	2
3136	sons	0.155306	0.924084	2
3137	sorrow	-0.815075	-0.474350	2
3138	sorting	-0.406782	-0.066276	2
3139	soul	-0.544858	-0.058614	2
3140	sounder	-0.518589	-0.620206	2
3141	specially	-0.743842	0.524344	2
3142	spinning	-0.302519	-0.305680	2
3143	spirit	-0.517070	-0.239093	2
3144	spirited	-0.558118	-0.383243	2
3145	spitting	-0.378856	-0.579583	2
3146	splutter	-0.084208	-0.363000	2
3147	spooling	-0.088945	-0.469051	2
3148	spotless	-0.733500	0.181296	2
3149	squad	-0.033634	0.587099	2
3150	squealing	-0.703726	-0.716755	2
3151	squibs	-0.033059	-0.437798	2
3152	squre	-0.203045	-0.503388	2
3153	stale	-0.821031	0.028213	2
3154	stamping	-0.107262	0.085600	2
3155	stamps	-0.197408	0.170262	2
3156	stanmer	-0.275804	-0.798392	2
3157	state	0.584996	0.740364	2
3158	sten	0.639533	0.314749	2
3159	stencil	-0.075817	-0.038099	2
3160	stevenage	0.898132	0.313742	2
3161	still	-0.791188	0.424357	2
3162	stings	-0.358131	-0.729514	2
3163	stiring	-0.220628	-0.360123	2
3164	stockholm	0.640245	0.532940	2
3165	stopper	-0.441851	-0.465355	2
3166	stopping	-0.552042	-0.294486	2
3167	stormy	0.337007	-0.630354	2
3168	stragglers	-0.264426	-0.689528	2
3169	strength	-0.583592	-0.026354	2
3170	strowger	0.407354	-0.228719	2
3171	stuka	0.570768	0.189831	2
3172	sudden	-0.797392	0.004641	2
3173	support	-0.207298	0.247105	2
3174	sutton	-0.238073	-0.423825	2
3175	swaziland	0.864938	0.799453	2
3176	swing	-0.076012	-0.244019	2
3177	switzerland	0.882186	0.631421	2
3178	swordfight	0.151516	-0.944397	2
3179	tackle	-0.079794	-0.402341	2
3180	taking	-0.356753	-0.094449	2
3181	tallers	-0.527309	0.189569	2
3182	tantrum	-0.790442	-0.714017	2
3183	tarata	0.467426	0.301392	2
3184	target	-0.177523	-0.165342	2
3185	taurus	0.418952	-0.353299	2
3186	tawny	-0.507717	-0.489689	2
3187	teacups	0.406840	0.008857	2
3188	teapot	0.328968	-0.028050	2
3189	telling	-0.795658	0.009483	2
3190	telphone	-0.325549	0.943225	2
3191	tempest	0.488544	-0.559253	2
3192	tense	-0.820079	-0.136181	2
3193	tent	0.019772	-0.123861	2
3194	termini	0.482316	0.854903	2
3195	terminus	-0.125574	0.002293	2
3196	they	-0.183960	0.732991	2
3197	thin	-0.739292	-0.004919	2
3198	things	-0.202968	0.478186	2
3199	this	-0.513123	0.549596	2
3200	through	-0.341419	0.104339	2
3201	tijuana	0.856078	0.618194	2
3202	tins	0.222358	0.151412	2
3203	tiritiri	0.560730	0.478366	2
3204	tirpiz	0.617880	0.489312	2
3205	toll	-0.281758	0.089046	2
3206	tops	-0.295372	0.077444	2
3207	torrential	-0.089513	-0.659961	2
3208	trail	-0.163414	-0.110312	2
3209	trailer	-0.469341	0.081346	2
3210	trainer	-0.007631	0.135865	2
3211	transporter	-0.128518	-0.718922	2
3212	transtel	-0.337763	0.871743	2
3213	trickle	-0.070876	-0.496676	2
3214	trio	-0.569593	0.761875	2
3215	trolleybus	0.220755	-0.226260	2
3216	troughs	-0.084053	-0.535453	2
3217	turkish	0.659553	0.768774	2
3218	ullapool	0.156798	-0.616809	2
3219	umbilical	-0.075672	0.881744	2
3220	unwound	-0.543755	-0.165613	2
3221	upf	0.110062	0.632825	2
3222	ursiline	0.475175	0.192583	2
3223	usaf	0.465091	-0.869186	2
3224	uzbekistan	0.777801	0.759360	2
3225	valletta	0.563019	0.470156	2
3226	vatican	0.431170	0.750376	2
3227	venner	-0.199603	-0.907858	2
3228	vent	-0.668170	-0.663653	2
3229	ventilation	-0.339009	-0.633163	2
3230	villa	0.287914	0.373330	2
3231	visitors	-0.368608	0.515748	2
3232	void	-0.343721	-0.135548	2
3233	voz	-0.141697	0.779999	2
3234	vulcan	0.411861	-0.263100	2
3235	wagons	0.371356	-0.265238	2
3236	waimangu	0.722136	0.363562	2
3237	waiotapu	0.676927	0.362921	2
3238	waiters	0.242831	0.322400	2
3239	wallop	-0.205600	0.185294	2
3240	weighing	-0.475440	0.066283	2
3241	weingarten	0.585752	0.356712	2
3242	weld	0.052134	0.125299	2
3243	werewolves	0.821422	-0.375519	2
3244	whaler	-0.191801	-0.858465	2
3245	wheat	0.518469	-0.027768	2
3246	wheelhouse	0.246736	-0.134148	2
3247	whimpers	-0.763727	-0.629178	2
3248	whine	-0.746925	-0.709888	2
3249	whipbirds	0.824733	-0.582830	2
3250	whizz	-0.593836	-0.725029	2
3251	whooper	-0.131408	0.563787	2
3252	wildcat	0.732952	-0.573927	2
3253	wildfowl	0.862772	-0.553986	2
3254	wimshurst	0.941144	0.261356	2
3255	winchester	0.176515	-0.736118	2
3256	winder	-0.183327	-0.786530	2
3257	winged	0.588247	-0.661228	2
3258	winslow	0.511478	0.064992	2
3259	wisbech	0.350977	0.401156	2
3260	woodlark	0.760374	-0.219617	2
3261	wool	-0.054341	-0.262249	2
3262	word	-0.770423	0.150418	2
3263	workers	-0.051196	0.660378	2
3264	working	-0.268463	0.313597	2
3265	worthington	0.926041	0.189221	2
3266	yamaha	0.218795	-0.368159	2
3267	yellow	0.366772	0.385835	2
3268	yorkshire	0.841090	0.414328	2
3269	zambia	0.826476	0.824769	2
3270	zebra	0.547394	0.591578	2
3271	zeppelin	0.451255	-0.629771	2
3272	zoomh2	-0.533034	0.203072	2
